latitude,longitude,bright_ti4,scan,track,acq_date,acq_time,satellite,instrument,confidence,version,bright_ti5,frp,daynight,sensor_source,brightness,bright_t31
24.00065,90.30868,333.25,0.5,0.66,2026-08-27,625,N20,VIIRS,n,2.0NRT,286.68,4.91,D,VIIRS_NOAA20_NRT,,
7.58183,80.84846,335.67,0.38,0.36,2026-08-27,803,N20,VIIRS,n,2.0NRT,297.44,4.66,D,VIIRS_NOAA20_NRT,,
7.69086,81.6126,330.97,0.39,0.36,2026-08-27,803,N20,VIIRS,n,2.0NRT,294.26,2.22,D,VIIRS_NOAA20_NRT,,
7.7792,80.71798,331.68,0.38,0.36,2026-08-27,803,N20,VIIRS,n,2.0NRT,295.7,4.18,D,VIIRS_NOAA20_NRT,,
7.77945,81.41298,336.78,0.39,0.36,2026-08-27,803,N20,VIIRS,n,2.0NRT,303.68,2.58,D,VIIRS_NOAA20_NRT,,
7.77998,81.41646,336.76,0.39,0.36,2026-08-27,803,N20,VIIRS,n,2.0NRT,301.29,2.58,D,VIIRS_NOAA20_NRT,,
7.78276,81.41248,346.07,0.39,0.36,2026-08-27,803,N20,VIIRS,n,2.0NRT,302.62,10.06,D,VIIRS_NOAA20_NRT,,
7.79438,81.55692,340.14,0.39,0.36,2026-08-27,803,N20,VIIRS,n,2.0NRT,302.9,7.89,D,VIIRS_NOAA20_NRT,,
7.89037,81.42777,338.27,0.39,0.36,2026-08-27,803,N20,VIIRS,n,2.0NRT,304.56,3.48,D,VIIRS_NOAA20_NRT,,
7.90572,81.4397,347.99,0.39,0.36,2026-08-27,803,N20,VIIRS,n,2.0NRT,305.63,9.96,D,VIIRS_NOAA20_NRT,,
7.92814,81.38641,339.35,0.39,0.36,2026-08-27,803,N20,VIIRS,n,2.0NRT,303.75,3.44,D,VIIRS_NOAA20_NRT,,
7.93423,81.38191,335.39,0.39,0.36,2026-08-27,803,N20,VIIRS,n,2.0NRT,304.3,3.47,D,VIIRS_NOAA20_NRT,,
7.99497,81.44678,336.87,0.39,0.36,2026-08-27,803,N20,VIIRS,n,2.0NRT,303.65,2.31,D,VIIRS_NOAA20_NRT,,
7.99843,80.3773,333.38,0.39,0.36,2026-08-27,803,N20,VIIRS,n,2.0NRT,290.04,2.58,D,VIIRS_NOAA20_NRT,,
8.00174,80.37679,330.92,0.39,0.36,2026-08-27,803,N20,VIIRS,n,2.0NRT,287.19,2.58,D,VIIRS_NOAA20_NRT,,
8.07855,81.34753,347.57,0.39,0.36,2026-08-27,803,N20,VIIRS,n,2.0NRT,304.24,5.76,D,VIIRS_NOAA20_NRT,,
8.1266,81.32954,332.51,0.39,0.36,2026-08-27,803,N20,VIIRS,l,2.0NRT,303.55,2.35,D,VIIRS_NOAA20_NRT,,
8.15307,81.32552,336.44,0.39,0.36,2026-08-27,803,N20,VIIRS,n,2.0NRT,301.16,5.7,D,VIIRS_NOAA20_NRT,,
8.15969,81.32451,338.73,0.39,0.36,2026-08-27,803,N20,VIIRS,n,2.0NRT,301.58,5.72,D,VIIRS_NOAA20_NRT,,
8.16075,81.33147,332.99,0.39,0.36,2026-08-27,803,N20,VIIRS,n,2.0NRT,301.94,2.18,D,VIIRS_NOAA20_NRT,,
8.18756,81.21635,338.58,0.39,0.36,2026-08-27,803,N20,VIIRS,n,2.0NRT,302.12,3.74,D,VIIRS_NOAA20_NRT,,
8.37496,80.5052,334.35,0.38,0.36,2026-08-27,803,N20,VIIRS,n,2.0NRT,299.22,3.16,D,VIIRS_NOAA20_NRT,,
8.89727,80.48201,340.98,0.38,0.36,2026-08-27,803,N20,VIIRS,n,2.0NRT,301.5,9.27,D,VIIRS_NOAA20_NRT,,
8.95087,77.90591,336.68,0.44,0.38,2026-08-27,803,N20,VIIRS,l,2.0NRT,302.71,2.82,D,VIIRS_NOAA20_NRT,,
9.12931,77.84509,337.52,0.44,0.39,2026-08-27,803,N20,VIIRS,l,2.0NRT,305.71,5.56,D,VIIRS_NOAA20_NRT,,
9.23964,77.81049,339.38,0.44,0.39,2026-08-27,803,N20,VIIRS,l,2.0NRT,303.83,8.89,D,VIIRS_NOAA20_NRT,,
9.27336,77.94791,337.78,0.44,0.38,2026-08-27,803,N20,VIIRS,l,2.0NRT,304.71,10.83,D,VIIRS_NOAA20_NRT,,
9.45227,80.48818,340.55,0.38,0.36,2026-08-27,803,N20,VIIRS,n,2.0NRT,301.48,3.08,D,VIIRS_NOAA20_NRT,,
9.46229,80.46529,332.31,0.38,0.36,2026-08-27,803,N20,VIIRS,l,2.0NRT,302.43,0.91,D,VIIRS_NOAA20_NRT,,
9.82798,77.77052,338.56,0.44,0.38,2026-08-27,803,N20,VIIRS,l,2.0NRT,302.91,6.26,D,VIIRS_NOAA20_NRT,,
9.9415,78.59012,334.4,0.41,0.37,2026-08-27,803,N20,VIIRS,n,2.0NRT,301.16,2.2,D,VIIRS_NOAA20_NRT,,
11.03126,77.58949,337.59,0.43,0.38,2026-08-27,803,N20,VIIRS,n,2.0NRT,302.98,4.28,D,VIIRS_NOAA20_NRT,,
11.03474,77.58891,337.28,0.43,0.38,2026-08-27,803,N20,VIIRS,n,2.0NRT,302.23,4.86,D,VIIRS_NOAA20_NRT,,
11.70355,78.596,334.69,0.4,0.37,2026-08-27,805,N20,VIIRS,l,2.0NRT,301.31,6.34,D,VIIRS_NOAA20_NRT,,
12.05728,79.84831,333.91,0.38,0.36,2026-08-27,805,N20,VIIRS,n,2.0NRT,298.98,2.33,D,VIIRS_NOAA20_NRT,,
12.09427,77.76483,335.49,0.42,0.38,2026-08-27,805,N20,VIIRS,l,2.0NRT,302.06,9.48,D,VIIRS_NOAA20_NRT,,
12.1972,79.71706,332.4,0.38,0.36,2026-08-27,805,N20,VIIRS,n,2.0NRT,296.25,2.8,D,VIIRS_NOAA20_NRT,,
12.29649,78.82146,334.91,0.39,0.36,2026-08-27,805,N20,VIIRS,n,2.0NRT,300.14,3.56,D,VIIRS_NOAA20_NRT,,
15.81279,79.73833,335.02,0.39,0.36,2026-08-27,805,N20,VIIRS,n,2.0NRT,289.59,3.1,D,VIIRS_NOAA20_NRT,,
17.36462,75.19918,335.39,0.47,0.4,2026-08-27,805,N20,VIIRS,l,2.0NRT,305.04,8.72,D,VIIRS_NOAA20_NRT,,
22.7993,86.09131,332.6,0.32,0.54,2026-08-27,805,N20,VIIRS,n,2.0NRT,290.28,2.85,D,VIIRS_NOAA20_NRT,,
20.79344,85.25465,352.45,0.53,0.5,2026-08-27,807,N20,VIIRS,n,2.0NRT,289.7,11.97,D,VIIRS_NOAA20_NRT,,
20.79426,85.25369,341.39,0.53,0.5,2026-08-27,807,N20,VIIRS,n,2.0NRT,289.95,9.18,D,VIIRS_NOAA20_NRT,,
20.96309,85.18516,332.56,0.53,0.5,2026-08-27,807,N20,VIIRS,n,2.0NRT,291.41,9.71,D,VIIRS_NOAA20_NRT,,
20.96367,85.19029,330.49,0.53,0.5,2026-08-27,807,N20,VIIRS,n,2.0NRT,291.14,6.6,D,VIIRS_NOAA20_NRT,,
26.6315,70.38902,341.86,0.41,0.45,2026-08-27,807,N20,VIIRS,n,2.0NRT,300.88,6.8,D,VIIRS_NOAA20_NRT,,
27.72701,68.73575,339.62,0.49,0.48,2026-08-27,807,N20,VIIRS,n,2.0NRT,304.63,5.0,D,VIIRS_NOAA20_NRT,,
27.73136,68.7346,343.99,0.49,0.48,2026-08-27,807,N20,VIIRS,n,2.0NRT,302.44,5.0,D,VIIRS_NOAA20_NRT,,
28.05137,69.36835,332.37,0.44,0.46,2026-08-27,807,N20,VIIRS,l,2.0NRT,305.93,4.2,D,VIIRS_NOAA20_NRT,,
31.07058,74.00562,334.77,0.39,0.36,2026-08-27,807,N20,VIIRS,n,2.0NRT,303.73,7.28,D,VIIRS_NOAA20_NRT,,
31.58428,75.88541,336.5,0.39,0.36,2026-08-27,807,N20,VIIRS,n,2.0NRT,299.75,7.07,D,VIIRS_NOAA20_NRT,,
35.52793,68.23533,335.11,0.55,0.43,2026-08-27,809,N20,VIIRS,l,2.0NRT,308.17,1.68,D,VIIRS_NOAA20_NRT,,
25.01756,92.04456,296.28,0.63,0.72,2026-08-27,2032,N20,VIIRS,n,2.0NRT,283.92,4.29,N,VIIRS_NOAA20_NRT,,
29.45695,76.86645,325.0,0.42,0.38,2026-08-27,2032,N20,VIIRS,n,2.0NRT,294.44,2.18,N,VIIRS_NOAA20_NRT,,
29.90619,74.94877,309.91,0.51,0.41,2026-08-27,2032,N20,VIIRS,n,2.0NRT,294.78,1.73,N,VIIRS_NOAA20_NRT,,
29.90931,74.95467,310.35,0.51,0.41,2026-08-27,2032,N20,VIIRS,n,2.0NRT,296.01,2.55,N,VIIRS_NOAA20_NRT,,
29.90996,74.94939,349.11,0.51,0.41,2026-08-27,2032,N20,VIIRS,n,2.0NRT,300.01,15.45,N,VIIRS_NOAA20_NRT,,
29.91061,74.94411,315.32,0.51,0.41,2026-08-27,2032,N20,VIIRS,n,2.0NRT,294.79,15.45,N,VIIRS_NOAA20_NRT,,
29.91374,74.95001,317.18,0.51,0.41,2026-08-27,2032,N20,VIIRS,n,2.0NRT,296.17,15.45,N,VIIRS_NOAA20_NRT,,
32.10194,74.17519,310.2,0.4,0.44,2026-08-27,2032,N20,VIIRS,n,2.0NRT,296.27,1.04,N,VIIRS_NOAA20_NRT,,
32.57524,72.56094,309.93,0.49,0.49,2026-08-27,2032,N20,VIIRS,n,2.0NRT,296.78,3.78,N,VIIRS_NOAA20_NRT,,
32.57745,72.56151,309.4,0.49,0.49,2026-08-27,2032,N20,VIIRS,n,2.0NRT,296.91,3.46,N,VIIRS_NOAA20_NRT,,
32.89027,71.61696,310.28,0.56,0.52,2026-08-27,2032,N20,VIIRS,n,2.0NRT,298.13,4.33,N,VIIRS_NOAA20_NRT,,
33.29906,71.18397,306.52,0.6,0.53,2026-08-27,2032,N20,VIIRS,n,2.0NRT,295.3,0.86,N,VIIRS_NOAA20_NRT,,
35.78201,71.34005,304.0,0.63,0.54,2026-08-27,2032,N20,VIIRS,n,2.0NRT,283.61,1.65,N,VIIRS_NOAA20_NRT,,
35.9672,68.68427,307.11,0.45,0.63,2026-08-27,2032,N20,VIIRS,n,2.0NRT,293.41,1.08,N,VIIRS_NOAA20_NRT,,
21.11086,72.63392,297.67,0.53,0.42,2026-08-27,2034,N20,VIIRS,n,2.0NRT,269.91,0.95,N,VIIRS_NOAA20_NRT,,
22.36412,87.30086,309.14,0.36,0.58,2026-08-27,2034,N20,VIIRS,n,2.0NRT,277.95,1.91,N,VIIRS_NOAA20_NRT,,
22.37007,87.29873,302.4,0.36,0.58,2026-08-27,2034,N20,VIIRS,n,2.0NRT,277.69,1.6,N,VIIRS_NOAA20_NRT,,
22.37985,87.27941,320.47,0.36,0.58,2026-08-27,2034,N20,VIIRS,n,2.0NRT,279.73,1.3,N,VIIRS_NOAA20_NRT,,
22.38062,87.27596,304.0,0.36,0.58,2026-08-27,2034,N20,VIIRS,n,2.0NRT,279.93,1.3,N,VIIRS_NOAA20_NRT,,
23.11632,70.08329,303.57,0.54,0.5,2026-08-27,2034,N20,VIIRS,n,2.0NRT,288.7,1.73,N,VIIRS_NOAA20_NRT,,
23.55796,87.23771,309.96,0.34,0.56,2026-08-27,2034,N20,VIIRS,n,2.0NRT,268.63,1.5,N,VIIRS_NOAA20_NRT,,
23.55943,87.2403,303.16,0.34,0.56,2026-08-27,2034,N20,VIIRS,n,2.0NRT,268.87,0.64,N,VIIRS_NOAA20_NRT,,
23.56014,87.23705,302.58,0.34,0.56,2026-08-27,2034,N20,VIIRS,n,2.0NRT,268.41,0.64,N,VIIRS_NOAA20_NRT,,
23.56168,87.08423,296.94,0.33,0.56,2026-08-27,2034,N20,VIIRS,n,2.0NRT,264.64,0.31,N,VIIRS_NOAA20_NRT,,
25.94402,72.18896,306.37,0.43,0.46,2026-08-27,2034,N20,VIIRS,n,2.0NRT,291.48,1.26,N,VIIRS_NOAA20_NRT,,
26.095,68.87718,306.59,0.35,0.56,2026-08-27,2034,N20,VIIRS,n,2.0NRT,294.98,0.57,N,VIIRS_NOAA20_NRT,,
28.42546,69.69883,313.97,0.33,0.55,2026-08-27,2034,N20,VIIRS,n,2.0NRT,295.97,0.83,N,VIIRS_NOAA20_NRT,,
13.39338,80.10246,309.41,0.56,0.43,2026-08-27,2036,N20,VIIRS,n,2.0NRT,294.36,1.67,N,VIIRS_NOAA20_NRT,,
13.39423,80.09978,310.06,0.56,0.43,2026-08-27,2036,N20,VIIRS,n,2.0NRT,294.26,1.02,N,VIIRS_NOAA20_NRT,,
13.82722,79.25863,311.67,0.49,0.41,2026-08-27,2036,N20,VIIRS,n,2.0NRT,291.84,1.24,N,VIIRS_NOAA20_NRT,,
15.16878,76.38122,305.46,0.39,0.36,2026-08-27,2036,N20,VIIRS,n,2.0NRT,285.14,1.21,N,VIIRS_NOAA20_NRT,,
15.16954,76.67191,312.8,0.39,0.36,2026-08-27,2036,N20,VIIRS,n,2.0NRT,288.34,2.47,N,VIIRS_NOAA20_NRT,,
15.17311,76.69072,304.56,0.39,0.36,2026-08-27,2036,N20,VIIRS,n,2.0NRT,262.63,1.07,N,VIIRS_NOAA20_NRT,,
15.17506,76.65783,308.19,0.39,0.36,2026-08-27,2036,N20,VIIRS,n,2.0NRT,279.7,1.42,N,VIIRS_NOAA20_NRT,,
15.17565,76.65424,313.9,0.39,0.36,2026-08-27,2036,N20,VIIRS,n,2.0NRT,276.75,1.3,N,VIIRS_NOAA20_NRT,,
15.17837,76.6584,305.75,0.39,0.36,2026-08-27,2036,N20,VIIRS,n,2.0NRT,281.15,1.42,N,VIIRS_NOAA20_NRT,,
15.17896,76.65481,304.88,0.39,0.36,2026-08-27,2036,N20,VIIRS,n,2.0NRT,280.47,1.3,N,VIIRS_NOAA20_NRT,,
15.18383,76.66673,310.39,0.39,0.36,2026-08-27,2036,N20,VIIRS,n,2.0NRT,272.53,2.11,N,VIIRS_NOAA20_NRT,,
15.3337,76.28465,314.4,0.39,0.36,2026-08-27,2036,N20,VIIRS,n,2.0NRT,291.46,0.98,N,VIIRS_NOAA20_NRT,,
15.33814,76.27811,331.25,0.39,0.36,2026-08-27,2036,N20,VIIRS,n,2.0NRT,291.87,3.12,N,VIIRS_NOAA20_NRT,,
15.84314,79.77197,313.9,0.49,0.41,2026-08-27,2036,N20,VIIRS,n,2.0NRT,290.13,1.41,N,VIIRS_NOAA20_NRT,,
15.84508,79.77524,311.52,0.49,0.41,2026-08-27,2036,N20,VIIRS,n,2.0NRT,291.09,1.2,N,VIIRS_NOAA20_NRT,,
15.93414,78.26305,311.11,0.42,0.38,2026-08-27,2036,N20,VIIRS,n,2.0NRT,292.98,2.6,N,VIIRS_NOAA20_NRT,,
15.99172,78.39793,311.61,0.43,0.38,2026-08-27,2036,N20,VIIRS,n,2.0NRT,291.91,2.61,N,VIIRS_NOAA20_NRT,,
16.65075,74.31296,303.68,0.41,0.37,2026-08-27,2036,N20,VIIRS,n,2.0NRT,289.91,1.22,N,VIIRS_NOAA20_NRT,,
17.06305,76.97786,312.97,0.39,0.36,2026-08-27,2036,N20,VIIRS,n,2.0NRT,291.9,1.5,N,VIIRS_NOAA20_NRT,,
17.13972,77.17654,308.27,0.39,0.36,2026-08-27,2036,N20,VIIRS,n,2.0NRT,292.26,1.22,N,VIIRS_NOAA20_NRT,,
17.14186,77.1844,313.21,0.39,0.36,2026-08-27,2036,N20,VIIRS,n,2.0NRT,292.77,1.4,N,VIIRS_NOAA20_NRT,,
17.37144,77.44598,308.66,0.39,0.36,2026-08-27,2036,N20,VIIRS,n,2.0NRT,292.75,0.9,N,VIIRS_NOAA20_NRT,,
17.46451,80.65163,306.31,0.52,0.42,2026-08-27,2036,N20,VIIRS,n,2.0NRT,291.11,1.53,N,VIIRS_NOAA20_NRT,,
17.95691,80.79494,321.04,0.52,0.42,2026-08-27,2036,N20,VIIRS,n,2.0NRT,291.35,3.85,N,VIIRS_NOAA20_NRT,,
17.95779,80.79296,325.37,0.52,0.42,2026-08-27,2036,N20,VIIRS,n,2.0NRT,291.51,2.27,N,VIIRS_NOAA20_NRT,,
17.95781,80.79008,305.78,0.52,0.42,2026-08-27,2036,N20,VIIRS,n,2.0NRT,290.77,1.44,N,VIIRS_NOAA20_NRT,,
17.95866,80.7881,307.84,0.52,0.42,2026-08-27,2036,N20,VIIRS,n,2.0NRT,291.04,2.27,N,VIIRS_NOAA20_NRT,,
17.9587,80.7852,305.22,0.52,0.42,2026-08-27,2036,N20,VIIRS,n,2.0NRT,290.86,1.44,N,VIIRS_NOAA20_NRT,,
8.30496,77.64027,311.47,0.48,0.4,2026-08-27,2038,N20,VIIRS,n,2.0NRT,293.23,2.34,N,VIIRS_NOAA20_NRT,,
8.40881,80.75497,310.77,0.49,0.49,2026-08-27,2038,N20,VIIRS,n,2.0NRT,289.8,1.51,N,VIIRS_NOAA20_NRT,,
9.00222,80.67443,299.44,0.47,0.48,2026-08-27,2038,N20,VIIRS,n,2.0NRT,283.45,0.24,N,VIIRS_NOAA20_NRT,,
9.49392,77.62406,314.42,0.46,0.39,2026-08-27,2038,N20,VIIRS,n,2.0NRT,287.72,1.32,N,VIIRS_NOAA20_NRT,,
10.59377,77.43021,304.6,0.44,0.38,2026-08-27,2038,N20,VIIRS,n,2.0NRT,293.55,0.34,N,VIIRS_NOAA20_NRT,,
10.61681,77.42193,304.47,0.44,0.38,2026-08-27,2038,N20,VIIRS,n,2.0NRT,293.73,0.58,N,VIIRS_NOAA20_NRT,,
11.1106,77.76625,305.12,0.45,0.39,2026-08-27,2038,N20,VIIRS,n,2.0NRT,293.15,0.44,N,VIIRS_NOAA20_NRT,,
11.1818,79.10095,308.51,0.52,0.42,2026-08-27,2038,N20,VIIRS,n,2.0NRT,292.24,2.46,N,VIIRS_NOAA20_NRT,,
11.26873,80.00504,316.33,0.39,0.44,2026-08-27,2038,N20,VIIRS,n,2.0NRT,290.58,1.49,N,VIIRS_NOAA20_NRT,,
11.80997,77.92491,298.4,0.45,0.39,2026-08-27,2038,N20,VIIRS,n,2.0NRT,278.41,0.98,N,VIIRS_NOAA20_NRT,,
11.81067,77.92082,315.05,0.45,0.39,2026-08-27,2038,N20,VIIRS,n,2.0NRT,281.52,0.98,N,VIIRS_NOAA20_NRT,,
11.81491,77.91734,307.82,0.45,0.39,2026-08-27,2038,N20,VIIRS,n,2.0NRT,281.99,1.2,N,VIIRS_NOAA20_NRT,,
11.81844,77.91795,306.9,0.45,0.39,2026-08-27,2038,N20,VIIRS,n,2.0NRT,280.05,0.67,N,VIIRS_NOAA20_NRT,,
12.24076,78.06161,315.57,0.45,0.39,2026-08-27,2038,N20,VIIRS,n,2.0NRT,293.7,1.02,N,VIIRS_NOAA20_NRT,,
12.64644,77.78779,297.84,0.44,0.38,2026-08-27,2038,N20,VIIRS,n,2.0NRT,285.68,0.22,N,VIIRS_NOAA20_NRT,,
12.91795,77.42487,300.73,0.42,0.38,2026-08-27,2038,N20,VIIRS,n,2.0NRT,290.06,0.66,N,VIIRS_NOAA20_NRT,,
33.29565,71.18529,303.8,0.7,0.75,2026-08-27,2212,N20,VIIRS,n,2.0NRT,291.61,1.31,N,VIIRS_NOAA20_NRT,,
35.96931,68.68378,303.52,0.44,0.62,2026-08-27,2212,N20,VIIRS,n,2.0NRT,291.33,0.77,N,VIIRS_NOAA20_NRT,,
6.26881,81.05707,338.48,0.39,0.44,2026-08-28,741,N20,VIIRS,n,2.0NRT,293.54,4.56,D,VIIRS_NOAA20_NRT,,
6.72007,81.53424,334.44,0.54,0.42,2026-08-28,741,N20,VIIRS,n,2.0NRT,298.7,3.29,D,VIIRS_NOAA20_NRT,,
6.73925,81.50663,329.68,0.54,0.42,2026-08-28,741,N20,VIIRS,n,2.0NRT,299.58,1.81,D,VIIRS_NOAA20_NRT,,
6.83283,81.43922,332.62,0.54,0.42,2026-08-28,741,N20,VIIRS,n,2.0NRT,296.15,3.79,D,VIIRS_NOAA20_NRT,,
6.86529,81.49329,336.07,0.54,0.42,2026-08-28,741,N20,VIIRS,n,2.0NRT,300.34,5.0,D,VIIRS_NOAA20_NRT,,
6.87605,81.46192,331.09,0.54,0.42,2026-08-28,741,N20,VIIRS,n,2.0NRT,295.43,3.51,D,VIIRS_NOAA20_NRT,,
7.04752,81.47235,333.89,0.53,0.42,2026-08-28,741,N20,VIIRS,n,2.0NRT,283.67,5.41,D,VIIRS_NOAA20_NRT,,
7.11799,81.8344,337.63,0.51,0.41,2026-08-28,741,N20,VIIRS,n,2.0NRT,297.06,6.87,D,VIIRS_NOAA20_NRT,,
7.12175,81.83376,338.9,0.51,0.41,2026-08-28,741,N20,VIIRS,n,2.0NRT,297.2,6.01,D,VIIRS_NOAA20_NRT,,
7.20403,81.81302,338.67,0.51,0.41,2026-08-28,744,N20,VIIRS,n,2.0NRT,300.74,9.28,D,VIIRS_NOAA20_NRT,,
7.29577,81.8278,337.03,0.51,0.41,2026-08-28,744,N20,VIIRS,l,2.0NRT,298.15,3.31,D,VIIRS_NOAA20_NRT,,
7.35641,81.8226,334.2,0.51,0.41,2026-08-28,744,N20,VIIRS,l,2.0NRT,298.21,5.45,D,VIIRS_NOAA20_NRT,,
7.59177,81.69086,335.23,0.51,0.41,2026-08-28,744,N20,VIIRS,n,2.0NRT,290.04,2.51,D,VIIRS_NOAA20_NRT,,
7.93357,80.61695,339.43,0.39,0.44,2026-08-28,744,N20,VIIRS,n,2.0NRT,278.1,3.95,D,VIIRS_NOAA20_NRT,,
8.40984,80.82601,331.05,0.56,0.43,2026-08-28,744,N20,VIIRS,n,2.0NRT,293.03,3.22,D,VIIRS_NOAA20_NRT,,
8.41011,80.82766,330.65,0.56,0.43,2026-08-28,744,N20,VIIRS,n,2.0NRT,293.04,5.41,D,VIIRS_NOAA20_NRT,,
8.42591,80.33542,331.13,0.4,0.44,2026-08-28,744,N20,VIIRS,n,2.0NRT,292.24,3.26,D,VIIRS_NOAA20_NRT,,
8.52512,80.81857,335.07,0.56,0.43,2026-08-28,744,N20,VIIRS,n,2.0NRT,295.22,3.59,D,VIIRS_NOAA20_NRT,,
8.52595,80.82137,338.38,0.56,0.43,2026-08-28,744,N20,VIIRS,n,2.0NRT,297.52,5.61,D,VIIRS_NOAA20_NRT,,
8.55052,80.77623,330.48,0.56,0.43,2026-08-28,744,N20,VIIRS,n,2.0NRT,295.1,2.27,D,VIIRS_NOAA20_NRT,,
8.56677,78.0841,336.43,0.56,0.51,2026-08-28,744,N20,VIIRS,n,2.0NRT,298.27,5.17,D,VIIRS_NOAA20_NRT,,
8.6437,80.92892,348.1,0.55,0.42,2026-08-28,744,N20,VIIRS,n,2.0NRT,296.02,21.2,D,VIIRS_NOAA20_NRT,,
8.64431,80.92615,339.34,0.55,0.42,2026-08-28,744,N20,VIIRS,n,2.0NRT,293.65,28.26,D,VIIRS_NOAA20_NRT,,
8.67631,80.2558,344.31,0.4,0.44,2026-08-28,744,N20,VIIRS,n,2.0NRT,297.98,5.4,D,VIIRS_NOAA20_NRT,,
8.68003,80.75702,332.99,0.56,0.43,2026-08-28,744,N20,VIIRS,n,2.0NRT,295.38,10.73,D,VIIRS_NOAA20_NRT,,
8.71066,77.97169,336.06,0.56,0.52,2026-08-28,744,N20,VIIRS,n,2.0NRT,303.05,3.26,D,VIIRS_NOAA20_NRT,,
8.71155,77.97672,334.12,0.56,0.52,2026-08-28,744,N20,VIIRS,n,2.0NRT,303.01,3.26,D,VIIRS_NOAA20_NRT,,
8.71625,77.97591,332.03,0.56,0.52,2026-08-28,744,N20,VIIRS,n,2.0NRT,301.28,4.69,D,VIIRS_NOAA20_NRT,,
8.72698,80.74916,330.03,0.56,0.43,2026-08-28,744,N20,VIIRS,n,2.0NRT,293.16,6.65,D,VIIRS_NOAA20_NRT,,
8.72984,78.1073,341.09,0.55,0.51,2026-08-28,744,N20,VIIRS,n,2.0NRT,303.37,5.48,D,VIIRS_NOAA20_NRT,,
8.78832,78.11234,330.5,0.55,0.51,2026-08-28,744,N20,VIIRS,l,2.0NRT,300.76,2.63,D,VIIRS_NOAA20_NRT,,
8.84528,78.0387,334.87,0.56,0.51,2026-08-28,744,N20,VIIRS,n,2.0NRT,303.61,3.18,D,VIIRS_NOAA20_NRT,,
8.90563,80.35099,350.09,0.39,0.44,2026-08-28,744,N20,VIIRS,n,2.0NRT,298.76,5.92,D,VIIRS_NOAA20_NRT,,
8.90787,80.43686,330.25,0.39,0.44,2026-08-28,744,N20,VIIRS,n,2.0NRT,299.36,2.31,D,VIIRS_NOAA20_NRT,,
8.90886,80.58608,332.23,0.57,0.43,2026-08-28,744,N20,VIIRS,n,2.0NRT,296.88,7.44,D,VIIRS_NOAA20_NRT,,
8.98831,77.81923,339.23,0.57,0.52,2026-08-28,744,N20,VIIRS,n,2.0NRT,301.93,1.85,D,VIIRS_NOAA20_NRT,,
8.98947,77.82053,338.15,0.57,0.52,2026-08-28,744,N20,VIIRS,n,2.0NRT,302.18,3.48,D,VIIRS_NOAA20_NRT,,
9.00048,80.67468,336.14,0.56,0.43,2026-08-28,744,N20,VIIRS,n,2.0NRT,299.13,5.74,D,VIIRS_NOAA20_NRT,,
9.05492,80.49566,337.59,0.57,0.43,2026-08-28,744,N20,VIIRS,n,2.0NRT,297.61,6.56,D,VIIRS_NOAA20_NRT,,
9.1417,80.26675,332.33,0.39,0.44,2026-08-28,744,N20,VIIRS,n,2.0NRT,296.13,2.82,D,VIIRS_NOAA20_NRT,,
9.15226,80.71832,336.19,0.55,0.43,2026-08-28,744,N20,VIIRS,n,2.0NRT,304.27,33.78,D,VIIRS_NOAA20_NRT,,
9.15345,80.72108,336.5,0.55,0.43,2026-08-28,744,N20,VIIRS,n,2.0NRT,299.4,71.88,D,VIIRS_NOAA20_NRT,,
9.15616,80.71767,336.09,0.55,0.43,2026-08-28,744,N20,VIIRS,n,2.0NRT,296.79,33.78,D,VIIRS_NOAA20_NRT,,
9.18515,77.78957,336.57,0.57,0.52,2026-08-28,744,N20,VIIRS,n,2.0NRT,299.73,8.65,D,VIIRS_NOAA20_NRT,,
9.18577,77.78692,337.19,0.57,0.52,2026-08-28,744,N20,VIIRS,n,2.0NRT,298.88,9.06,D,VIIRS_NOAA20_NRT,,
9.23738,80.79314,332.94,0.55,0.42,2026-08-28,744,N20,VIIRS,n,2.0NRT,296.12,4.51,D,VIIRS_NOAA20_NRT,,
9.28004,78.3948,344.7,0.52,0.5,2026-08-28,744,N20,VIIRS,n,2.0NRT,298.62,7.43,D,VIIRS_NOAA20_NRT,,
9.28083,78.39944,338.08,0.52,0.5,2026-08-28,744,N20,VIIRS,n,2.0NRT,298.15,2.22,D,VIIRS_NOAA20_NRT,,
9.28536,78.39864,332.63,0.52,0.5,2026-08-28,744,N20,VIIRS,n,2.0NRT,298.54,2.22,D,VIIRS_NOAA20_NRT,,
9.30402,78.39236,330.72,0.52,0.5,2026-08-28,744,N20,VIIRS,n,2.0NRT,299.51,3.83,D,VIIRS_NOAA20_NRT,,
9.37273,78.62408,336.3,0.5,0.49,2026-08-28,744,N20,VIIRS,n,2.0NRT,301.6,3.75,D,VIIRS_NOAA20_NRT,,
9.42936,80.42011,334.71,0.57,0.43,2026-08-28,744,N20,VIIRS,n,2.0NRT,301.08,5.18,D,VIIRS_NOAA20_NRT,,
9.57007,80.37499,339.05,0.57,0.43,2026-08-28,744,N20,VIIRS,n,2.0NRT,299.51,5.04,D,VIIRS_NOAA20_NRT,,
9.60042,79.98769,335.71,0.4,0.44,2026-08-28,744,N20,VIIRS,n,2.0NRT,298.2,2.72,D,VIIRS_NOAA20_NRT,,
9.7363,78.57832,337.02,0.49,0.49,2026-08-28,744,N20,VIIRS,n,2.0NRT,300.99,2.12,D,VIIRS_NOAA20_NRT,,
9.73857,78.34991,341.77,0.51,0.49,2026-08-28,744,N20,VIIRS,n,2.0NRT,303.77,5.67,D,VIIRS_NOAA20_NRT,,
9.73959,78.34672,340.85,0.51,0.49,2026-08-28,744,N20,VIIRS,n,2.0NRT,303.08,5.32,D,VIIRS_NOAA20_NRT,,
9.76033,80.26269,330.11,0.38,0.44,2026-08-28,744,N20,VIIRS,n,2.0NRT,299.81,1.63,D,VIIRS_NOAA20_NRT,,
9.88019,78.4741,337.89,0.5,0.49,2026-08-28,744,N20,VIIRS,n,2.0NRT,302.38,1.87,D,VIIRS_NOAA20_NRT,,
9.93117,78.07159,339.46,0.53,0.5,2026-08-28,744,N20,VIIRS,n,2.0NRT,300.45,5.4,D,VIIRS_NOAA20_NRT,,
9.94673,78.18559,332.32,0.52,0.5,2026-08-28,744,N20,VIIRS,n,2.0NRT,300.34,2.94,D,VIIRS_NOAA20_NRT,,
9.96105,78.39642,330.65,0.5,0.49,2026-08-28,744,N20,VIIRS,n,2.0NRT,299.87,0.94,D,VIIRS_NOAA20_NRT,,
9.96297,78.39445,330.37,0.5,0.49,2026-08-28,744,N20,VIIRS,l,2.0NRT,300.83,1.75,D,VIIRS_NOAA20_NRT,,
10.06681,78.36839,330.13,0.5,0.49,2026-08-28,744,N20,VIIRS,l,2.0NRT,301.82,1.8,D,VIIRS_NOAA20_NRT,,
10.59022,78.85231,333.44,0.46,0.47,2026-08-28,744,N20,VIIRS,n,2.0NRT,292.16,2.93,D,VIIRS_NOAA20_NRT,,
10.81325,78.80896,331.45,0.46,0.47,2026-08-28,744,N20,VIIRS,n,2.0NRT,293.85,2.33,D,VIIRS_NOAA20_NRT,,
11.24627,77.77045,337.19,0.53,0.5,2026-08-28,744,N20,VIIRS,n,2.0NRT,297.88,3.3,D,VIIRS_NOAA20_NRT,,
11.24631,77.76821,335.77,0.53,0.5,2026-08-28,744,N20,VIIRS,n,2.0NRT,297.73,3.18,D,VIIRS_NOAA20_NRT,,
11.62135,79.67422,342.53,0.39,0.44,2026-08-28,744,N20,VIIRS,n,2.0NRT,297.44,3.31,D,VIIRS_NOAA20_NRT,,
11.97214,79.74477,343.23,0.38,0.43,2026-08-28,744,N20,VIIRS,n,2.0NRT,294.73,2.69,D,VIIRS_NOAA20_NRT,,
11.9761,79.74409,340.97,0.38,0.43,2026-08-28,744,N20,VIIRS,n,2.0NRT,294.31,3.39,D,VIIRS_NOAA20_NRT,,
12.63144,79.54516,330.25,0.39,0.44,2026-08-28,744,N20,VIIRS,n,2.0NRT,298.38,1.88,D,VIIRS_NOAA20_NRT,,
14.49,79.71088,344.64,0.53,0.42,2026-08-28,744,N20,VIIRS,n,2.0NRT,305.11,6.55,D,VIIRS_NOAA20_NRT,,
14.59493,77.66154,334.05,0.47,0.48,2026-08-28,746,N20,VIIRS,n,2.0NRT,301.79,3.27,D,VIIRS_NOAA20_NRT,,
14.65638,75.65396,339.8,0.64,0.54,2026-08-28,746,N20,VIIRS,n,2.0NRT,295.19,12.07,D,VIIRS_NOAA20_NRT,,
14.66031,75.6534,336.45,0.32,0.54,2026-08-28,746,N20,VIIRS,n,2.0NRT,293.69,12.84,D,VIIRS_NOAA20_NRT,,
14.66086,75.65631,367.0,0.32,0.54,2026-08-28,746,N20,VIIRS,h,2.0NRT,295.26,12.84,D,VIIRS_NOAA20_NRT,,
14.66129,75.6529,330.09,0.64,0.54,2026-08-28,746,N20,VIIRS,n,2.0NRT,293.6,8.89,D,VIIRS_NOAA20_NRT,,
14.66463,79.55208,332.52,0.54,0.42,2026-08-28,746,N20,VIIRS,l,2.0NRT,303.65,3.81,D,VIIRS_NOAA20_NRT,,
15.08822,79.77559,344.05,0.52,0.41,2026-08-28,746,N20,VIIRS,n,2.0NRT,304.02,14.93,D,VIIRS_NOAA20_NRT,,
15.089,79.77787,336.56,0.52,0.41,2026-08-28,746,N20,VIIRS,n,2.0NRT,303.76,21.57,D,VIIRS_NOAA20_NRT,,
15.32899,78.96827,332.13,0.57,0.43,2026-08-28,746,N20,VIIRS,n,2.0NRT,300.66,4.34,D,VIIRS_NOAA20_NRT,,
15.63525,79.5853,340.53,0.52,0.41,2026-08-28,746,N20,VIIRS,n,2.0NRT,304.83,7.27,D,VIIRS_NOAA20_NRT,,
15.73366,79.84308,335.64,0.5,0.41,2026-08-28,746,N20,VIIRS,n,2.0NRT,300.32,4.96,D,VIIRS_NOAA20_NRT,,
15.99496,78.3997,331.18,0.4,0.44,2026-08-28,746,N20,VIIRS,n,2.0NRT,296.42,1.68,D,VIIRS_NOAA20_NRT,,
16.13124,77.82779,354.31,0.43,0.46,2026-08-28,746,N20,VIIRS,n,2.0NRT,298.26,10.46,D,VIIRS_NOAA20_NRT,,
16.13541,77.827,340.62,0.43,0.46,2026-08-28,746,N20,VIIRS,n,2.0NRT,296.55,6.35,D,VIIRS_NOAA20_NRT,,
20.9654,86.01233,334.34,0.47,0.4,2026-08-28,746,N20,VIIRS,n,2.0NRT,283.91,3.23,D,VIIRS_NOAA20_NRT,,
20.96903,86.01181,331.01,0.47,0.4,2026-08-28,746,N20,VIIRS,n,2.0NRT,284.62,3.23,D,VIIRS_NOAA20_NRT,,
21.74363,83.84044,332.72,0.4,0.37,2026-08-28,746,N20,VIIRS,n,2.0NRT,291.66,5.74,D,VIIRS_NOAA20_NRT,,
21.74418,83.84429,334.37,0.4,0.37,2026-08-28,746,N20,VIIRS,n,2.0NRT,290.9,5.74,D,VIIRS_NOAA20_NRT,,
21.74754,83.84375,344.84,0.4,0.37,2026-08-28,746,N20,VIIRS,n,2.0NRT,293.22,5.74,D,VIIRS_NOAA20_NRT,,
21.75426,83.84266,336.85,0.4,0.37,2026-08-28,746,N20,VIIRS,n,2.0NRT,291.59,4.53,D,VIIRS_NOAA20_NRT,,
21.76207,83.84924,333.38,0.4,0.37,2026-08-28,746,N20,VIIRS,n,2.0NRT,291.87,4.28,D,VIIRS_NOAA20_NRT,,
22.37538,87.27899,330.44,0.57,0.43,2026-08-28,746,N20,VIIRS,n,2.0NRT,292.8,10.47,D,VIIRS_NOAA20_NRT,,
23.80325,86.33153,341.8,0.52,0.42,2026-08-28,748,N20,VIIRS,n,2.0NRT,289.84,5.56,D,VIIRS_NOAA20_NRT,,
25.03555,87.38821,331.96,0.41,0.45,2026-08-28,748,N20,VIIRS,n,2.0NRT,295.33,3.03,D,VIIRS_NOAA20_NRT,,
27.43482,70.8578,340.0,0.35,0.57,2026-08-28,750,N20,VIIRS,n,2.0NRT,304.94,2.03,D,VIIRS_NOAA20_NRT,,
33.23374,71.51796,332.14,0.48,0.48,2026-08-28,750,N20,VIIRS,n,2.0NRT,300.93,2.26,D,VIIRS_NOAA20_NRT,,
33.23682,71.51154,307.55,0.55,0.68,2026-08-28,2012,N20,VIIRS,n,2.0NRT,291.69,0.97,N,VIIRS_NOAA20_NRT,,
33.29786,71.18157,304.59,0.57,0.69,2026-08-28,2012,N20,VIIRS,n,2.0NRT,290.8,1.2,N,VIIRS_NOAA20_NRT,,
25.03661,87.38615,304.83,0.51,0.41,2026-08-28,2014,N20,VIIRS,n,2.0NRT,280.05,0.69,N,VIIRS_NOAA20_NRT,,
25.94442,72.18835,312.48,0.43,0.62,2026-08-28,2014,N20,VIIRS,n,2.0NRT,294.26,1.62,N,VIIRS_NOAA20_NRT,,
26.26645,74.18758,305.63,0.32,0.55,2026-08-28,2014,N20,VIIRS,n,2.0NRT,294.62,0.62,N,VIIRS_NOAA20_NRT,,
26.26726,74.18773,305.62,0.32,0.55,2026-08-28,2014,N20,VIIRS,n,2.0NRT,294.02,1.44,N,VIIRS_NOAA20_NRT,,
27.37636,95.08469,301.57,0.44,0.62,2026-08-28,2014,N20,VIIRS,n,2.0NRT,286.52,2.8,N,VIIRS_NOAA20_NRT,,
32.57872,72.56083,308.46,0.47,0.64,2026-08-28,2014,N20,VIIRS,n,2.0NRT,294.46,2.8,N,VIIRS_NOAA20_NRT,,
32.88945,71.6142,306.16,0.54,0.68,2026-08-28,2014,N20,VIIRS,n,2.0NRT,291.63,2.61,N,VIIRS_NOAA20_NRT,,
11.04049,77.71588,304.81,0.41,0.37,2026-08-28,2017,N20,VIIRS,n,2.0NRT,280.31,0.56,N,VIIRS_NOAA20_NRT,,
11.14093,77.35009,300.35,0.42,0.38,2026-08-28,2017,N20,VIIRS,n,2.0NRT,280.83,0.38,N,VIIRS_NOAA20_NRT,,
11.18338,79.09915,298.56,0.39,0.36,2026-08-28,2017,N20,VIIRS,n,2.0NRT,270.63,0.49,N,VIIRS_NOAA20_NRT,,
11.26826,80.00521,304.97,0.39,0.36,2026-08-28,2017,N20,VIIRS,n,2.0NRT,273.59,0.45,N,VIIRS_NOAA20_NRT,,
11.53513,77.22146,301.93,0.43,0.38,2026-08-28,2017,N20,VIIRS,n,2.0NRT,275.99,0.36,N,VIIRS_NOAA20_NRT,,
11.8118,77.92049,315.54,0.41,0.37,2026-08-28,2017,N20,VIIRS,n,2.0NRT,276.22,1.99,N,VIIRS_NOAA20_NRT,,
11.81577,77.91728,304.87,0.41,0.37,2026-08-28,2017,N20,VIIRS,n,2.0NRT,276.13,1.06,N,VIIRS_NOAA20_NRT,,
12.25146,79.63464,300.56,0.38,0.36,2026-08-28,2017,N20,VIIRS,n,2.0NRT,276.78,0.53,N,VIIRS_NOAA20_NRT,,
13.71189,79.61842,305.98,0.39,0.36,2026-08-28,2017,N20,VIIRS,n,2.0NRT,288.23,1.23,N,VIIRS_NOAA20_NRT,,
13.71465,79.62251,310.35,0.39,0.36,2026-08-28,2017,N20,VIIRS,n,2.0NRT,288.38,1.61,N,VIIRS_NOAA20_NRT,,
13.89451,77.03326,305.16,0.46,0.39,2026-08-28,2017,N20,VIIRS,n,2.0NRT,285.58,0.97,N,VIIRS_NOAA20_NRT,,
13.89907,76.56499,301.18,0.49,0.4,2026-08-28,2017,N20,VIIRS,n,2.0NRT,286.98,0.8,N,VIIRS_NOAA20_NRT,,
17.95662,80.79441,331.26,0.39,0.36,2026-08-28,2017,N20,VIIRS,n,2.0NRT,289.65,3.13,N,VIIRS_NOAA20_NRT,,
17.95774,80.78719,307.39,0.39,0.36,2026-08-28,2017,N20,VIIRS,n,2.0NRT,289.28,0.9,N,VIIRS_NOAA20_NRT,,
19.82014,79.23772,295.83,0.43,0.38,2026-08-28,2017,N20,VIIRS,n,2.0NRT,277.78,0.73,N,VIIRS_NOAA20_NRT,,
19.93703,73.71011,308.78,0.58,0.52,2026-08-28,2017,N20,VIIRS,n,2.0NRT,289.52,1.25,N,VIIRS_NOAA20_NRT,,
19.96314,79.33248,308.63,0.42,0.38,2026-08-28,2017,N20,VIIRS,n,2.0NRT,273.61,1.21,N,VIIRS_NOAA20_NRT,,
21.10835,72.64621,304.31,0.35,0.57,2026-08-28,2017,N20,VIIRS,n,2.0NRT,289.19,1.08,N,VIIRS_NOAA20_NRT,,
21.10869,72.64594,317.01,0.35,0.57,2026-08-28,2017,N20,VIIRS,n,2.0NRT,291.29,1.78,N,VIIRS_NOAA20_NRT,,
21.10871,72.64282,299.25,0.35,0.57,2026-08-28,2017,N20,VIIRS,n,2.0NRT,288.27,1.08,N,VIIRS_NOAA20_NRT,,
21.10903,72.64254,308.26,0.35,0.57,2026-08-28,2017,N20,VIIRS,n,2.0NRT,289.08,1.78,N,VIIRS_NOAA20_NRT,,
21.10907,72.63943,302.13,0.35,0.57,2026-08-28,2017,N20,VIIRS,n,2.0NRT,290.48,1.98,N,VIIRS_NOAA20_NRT,,
21.1097,72.63574,301.04,0.35,0.57,2026-08-28,2017,N20,VIIRS,n,2.0NRT,287.97,2.49,N,VIIRS_NOAA20_NRT,,
22.26705,75.13366,303.97,0.5,0.49,2026-08-28,2017,N20,VIIRS,n,2.0NRT,288.88,0.85,N,VIIRS_NOAA20_NRT,,
6.84606,81.45916,307.24,0.45,0.39,2026-08-28,2019,N20,VIIRS,n,2.0NRT,291.52,1.72,N,VIIRS_NOAA20_NRT,,
7.97165,81.09951,305.99,0.42,0.38,2026-08-28,2019,N20,VIIRS,n,2.0NRT,293.44,1.8,N,VIIRS_NOAA20_NRT,,
8.12189,80.80357,315.03,0.41,0.37,2026-08-28,2019,N20,VIIRS,n,2.0NRT,285.44,1.72,N,VIIRS_NOAA20_NRT,,
8.66846,77.99356,309.13,0.39,0.36,2026-08-28,2019,N20,VIIRS,n,2.0NRT,294.69,0.44,N,VIIRS_NOAA20_NRT,,
8.6718,77.99409,309.52,0.39,0.36,2026-08-28,2019,N20,VIIRS,n,2.0NRT,294.29,0.44,N,VIIRS_NOAA20_NRT,,
8.85032,78.13471,308.67,0.39,0.36,2026-08-28,2019,N20,VIIRS,n,2.0NRT,294.67,0.43,N,VIIRS_NOAA20_NRT,,
10.61592,77.42117,301.41,0.42,0.37,2026-08-28,2019,N20,VIIRS,n,2.0NRT,284.19,0.45,N,VIIRS_NOAA20_NRT,,
14.60621,78.52273,308.2,0.41,0.37,2026-08-28,2019,N20,VIIRS,n,2.0NRT,289.18,1.33,N,VIIRS_NOAA20_NRT,,
15.11159,76.8063,303.23,0.49,0.4,2026-08-28,2019,N20,VIIRS,n,2.0NRT,290.45,0.89,N,VIIRS_NOAA20_NRT,,
15.13364,79.95895,311.16,0.39,0.36,2026-08-28,2019,N20,VIIRS,n,2.0NRT,282.7,1.59,N,VIIRS_NOAA20_NRT,,
15.17368,76.78575,304.27,0.49,0.4,2026-08-28,2019,N20,VIIRS,n,2.0NRT,291.11,1.18,N,VIIRS_NOAA20_NRT,,
15.1754,76.69256,315.2,0.5,0.41,2026-08-28,2019,N20,VIIRS,n,2.0NRT,291.4,1.87,N,VIIRS_NOAA20_NRT,,
15.17683,76.65511,332.64,0.5,0.41,2026-08-28,2019,N20,VIIRS,n,2.0NRT,293.92,2.43,N,VIIRS_NOAA20_NRT,,
15.17731,77.1031,305.59,0.47,0.4,2026-08-28,2019,N20,VIIRS,n,2.0NRT,291.33,1.81,N,VIIRS_NOAA20_NRT,,
15.17739,77.10064,305.28,0.47,0.4,2026-08-28,2019,N20,VIIRS,n,2.0NRT,291.59,1.3,N,VIIRS_NOAA20_NRT,,
15.17798,76.6741,305.04,0.5,0.41,2026-08-28,2019,N20,VIIRS,n,2.0NRT,291.74,1.45,N,VIIRS_NOAA20_NRT,,
15.18056,76.65565,306.01,0.5,0.41,2026-08-28,2019,N20,VIIRS,n,2.0NRT,291.74,2.43,N,VIIRS_NOAA20_NRT,,
15.1825,76.64178,330.42,0.5,0.41,2026-08-28,2019,N20,VIIRS,n,2.0NRT,292.13,4.32,N,VIIRS_NOAA20_NRT,,
15.183,76.66542,321.1,0.5,0.41,2026-08-28,2019,N20,VIIRS,n,2.0NRT,292.07,2.73,N,VIIRS_NOAA20_NRT,,
15.33618,76.28429,304.01,0.52,0.42,2026-08-28,2019,N20,VIIRS,n,2.0NRT,289.95,1.01,N,VIIRS_NOAA20_NRT,,
15.89742,79.43373,298.3,0.4,0.37,2026-08-28,2019,N20,VIIRS,n,2.0NRT,261.11,0.61,N,VIIRS_NOAA20_NRT,,
15.98432,79.14418,304.46,0.4,0.37,2026-08-28,2019,N20,VIIRS,n,2.0NRT,272.88,1.04,N,VIIRS_NOAA20_NRT,,
16.09608,79.16954,307.79,0.4,0.37,2026-08-28,2019,N20,VIIRS,n,2.0NRT,279.43,0.87,N,VIIRS_NOAA20_NRT,,
17.0624,76.98022,307.14,0.5,0.41,2026-08-28,2019,N20,VIIRS,n,2.0NRT,288.72,1.3,N,VIIRS_NOAA20_NRT,,
17.14009,77.17446,305.66,0.49,0.41,2026-08-28,2019,N20,VIIRS,n,2.0NRT,290.32,1.09,N,VIIRS_NOAA20_NRT,,
17.14254,77.18425,305.29,0.49,0.4,2026-08-28,2019,N20,VIIRS,n,2.0NRT,290.03,0.8,N,VIIRS_NOAA20_NRT,,
25.9405,72.1935,303.76,0.66,0.73,2026-08-28,2155,N20,VIIRS,n,2.0NRT,291.23,0.95,N,VIIRS_NOAA20_NRT,,
25.9441,72.19492,304.05,0.66,0.73,2026-08-28,2155,N20,VIIRS,n,2.0NRT,291.75,1.16,N,VIIRS_NOAA20_NRT,,
31.77044,70.10559,309.07,0.36,0.58,2026-08-28,2155,N20,VIIRS,n,2.0NRT,294.63,0.45,N,VIIRS_NOAA20_NRT,,
32.28932,70.73684,307.7,0.38,0.59,2026-08-28,2155,N20,VIIRS,n,2.0NRT,294.44,2.64,N,VIIRS_NOAA20_NRT,,
32.29645,70.73111,306.97,0.38,0.59,2026-08-28,2155,N20,VIIRS,n,2.0NRT,294.59,2.25,N,VIIRS_NOAA20_NRT,,
32.88903,71.61543,314.37,0.42,0.61,2026-08-28,2155,N20,VIIRS,n,2.0NRT,292.75,3.03,N,VIIRS_NOAA20_NRT,,
33.23701,71.51503,309.68,0.4,0.6,2026-08-28,2155,N20,VIIRS,n,2.0NRT,291.76,2.92,N,VIIRS_NOAA20_NRT,,
33.24471,71.2981,311.46,0.39,0.59,2026-08-28,2155,N20,VIIRS,n,2.0NRT,292.36,2.3,N,VIIRS_NOAA20_NRT,,
33.2984,71.18697,307.0,0.38,0.59,2026-08-28,2155,N20,VIIRS,n,2.0NRT,292.07,1.71,N,VIIRS_NOAA20_NRT,,
6.56933,80.85204,330.7,0.41,0.61,2026-08-29,724,N20,VIIRS,n,2.0NRT,287.37,2.2,D,VIIRS_NOAA20_NRT,,
6.70309,81.34322,339.33,0.38,0.59,2026-08-29,724,N20,VIIRS,n,2.0NRT,277.88,3.28,D,VIIRS_NOAA20_NRT,,
6.70525,81.34303,329.64,0.38,0.59,2026-08-29,724,N20,VIIRS,n,2.0NRT,277.89,2.2,D,VIIRS_NOAA20_NRT,,
6.75893,81.37865,328.14,0.38,0.59,2026-08-29,724,N20,VIIRS,n,2.0NRT,279.68,3.5,D,VIIRS_NOAA20_NRT,,
6.81772,80.87768,331.41,0.41,0.61,2026-08-29,724,N20,VIIRS,n,2.0NRT,280.69,2.08,D,VIIRS_NOAA20_NRT,,
7.49351,81.01079,340.0,0.39,0.59,2026-08-29,724,N20,VIIRS,n,2.0NRT,275.05,5.21,D,VIIRS_NOAA20_NRT,,
8.87915,80.72496,351.42,0.39,0.59,2026-08-29,724,N20,VIIRS,n,2.0NRT,289.38,5.66,D,VIIRS_NOAA20_NRT,,
8.88152,80.72383,354.5,0.38,0.59,2026-08-29,724,N20,VIIRS,n,2.0NRT,289.66,4.23,D,VIIRS_NOAA20_NRT,,
8.88215,80.72724,334.54,0.38,0.59,2026-08-29,724,N20,VIIRS,n,2.0NRT,288.98,4.23,D,VIIRS_NOAA20_NRT,,
9.01955,80.17964,328.45,0.42,0.61,2026-08-29,724,N20,VIIRS,n,2.0NRT,291.76,2.22,D,VIIRS_NOAA20_NRT,,
9.07926,80.12955,331.22,0.42,0.61,2026-08-29,724,N20,VIIRS,n,2.0NRT,292.98,1.67,D,VIIRS_NOAA20_NRT,,
9.3622,78.73381,332.95,0.52,0.67,2026-08-29,724,N20,VIIRS,n,2.0NRT,284.66,4.63,D,VIIRS_NOAA20_NRT,,
10.40738,79.5165,354.22,0.44,0.62,2026-08-29,726,N20,VIIRS,n,2.0NRT,289.07,6.75,D,VIIRS_NOAA20_NRT,,
10.98918,78.7616,330.06,0.48,0.65,2026-08-29,726,N20,VIIRS,n,2.0NRT,288.64,3.86,D,VIIRS_NOAA20_NRT,,
12.20977,79.82823,332.09,0.39,0.59,2026-08-29,726,N20,VIIRS,n,2.0NRT,295.71,2.73,D,VIIRS_NOAA20_NRT,,
13.56609,79.58166,331.28,0.38,0.59,2026-08-29,726,N20,VIIRS,n,2.0NRT,294.21,2.31,D,VIIRS_NOAA20_NRT,,
14.54888,79.80931,348.89,0.35,0.57,2026-08-29,726,N20,VIIRS,n,2.0NRT,295.27,3.21,D,VIIRS_NOAA20_NRT,,
14.55055,79.80936,349.62,0.35,0.57,2026-08-29,726,N20,VIIRS,n,2.0NRT,294.78,4.3,D,VIIRS_NOAA20_NRT,,
14.65011,77.66823,336.82,0.49,0.65,2026-08-29,726,N20,VIIRS,n,2.0NRT,290.02,5.27,D,VIIRS_NOAA20_NRT,,
14.6517,77.66785,340.19,0.49,0.65,2026-08-29,726,N20,VIIRS,n,2.0NRT,289.79,4.18,D,VIIRS_NOAA20_NRT,,
22.06989,95.91976,331.7,0.33,0.55,2026-08-29,729,N20,VIIRS,n,2.0NRT,285.35,1.44,D,VIIRS_NOAA20_NRT,,
23.68707,87.12255,331.22,0.39,0.36,2026-08-29,729,N20,VIIRS,n,2.0NRT,295.74,3.21,D,VIIRS_NOAA20_NRT,,
25.03602,87.38899,335.28,0.39,0.36,2026-08-29,729,N20,VIIRS,n,2.0NRT,295.29,3.58,D,VIIRS_NOAA20_NRT,,
26.66728,86.18171,335.89,0.38,0.36,2026-08-29,731,N20,VIIRS,n,2.0NRT,295.85,2.53,D,VIIRS_NOAA20_NRT,,
28.26528,94.83472,346.8,0.33,0.55,2026-08-29,731,N20,VIIRS,n,2.0NRT,291.97,4.26,D,VIIRS_NOAA20_NRT,,
31.50436,72.20116,332.76,0.45,0.63,2026-08-29,731,N20,VIIRS,n,2.0NRT,294.78,4.41,D,VIIRS_NOAA20_NRT,,
31.65889,78.40624,336.85,0.4,0.44,2026-08-29,731,N20,VIIRS,l,2.0NRT,309.66,5.95,D,VIIRS_NOAA20_NRT,,
8.64795,77.84141,330.38,0.68,0.74,2026-08-29,905,N20,VIIRS,n,2.0NRT,283.86,3.16,D,VIIRS_NOAA20_NRT,,
27.62436,69.46843,367.0,0.32,0.55,2026-08-29,909,N20,VIIRS,h,2.0NRT,310.3,7.14,D,VIIRS_NOAA20_NRT,,
27.62856,69.46902,339.83,0.32,0.55,2026-08-29,909,N20,VIIRS,n,2.0NRT,309.12,5.98,D,VIIRS_NOAA20_NRT,,
27.75547,68.69614,352.59,0.58,0.52,2026-08-29,909,N20,VIIRS,n,2.0NRT,304.16,9.46,D,VIIRS_NOAA20_NRT,,
28.05085,69.3709,334.76,0.32,0.55,2026-08-29,909,N20,VIIRS,n,2.0NRT,304.3,3.19,D,VIIRS_NOAA20_NRT,,
29.46308,76.88765,309.87,0.47,0.64,2026-08-29,1953,N20,VIIRS,n,2.0NRT,275.01,1.01,N,VIIRS_NOAA20_NRT,,
29.46341,76.88279,298.15,0.47,0.64,2026-08-29,1953,N20,VIIRS,n,2.0NRT,275.22,1.01,N,VIIRS_NOAA20_NRT,,
22.36086,87.01711,305.35,0.38,0.36,2026-08-29,1955,N20,VIIRS,n,2.0NRT,272.58,0.68,N,VIIRS_NOAA20_NRT,,
22.36415,87.0177,300.28,0.38,0.36,2026-08-29,1955,N20,VIIRS,n,2.0NRT,272.12,0.68,N,VIIRS_NOAA20_NRT,,
22.36679,87.29976,303.34,0.38,0.36,2026-08-29,1955,N20,VIIRS,n,2.0NRT,263.87,0.5,N,VIIRS_NOAA20_NRT,,
22.37691,87.27876,322.63,0.38,0.36,2026-08-29,1955,N20,VIIRS,n,2.0NRT,272.46,2.35,N,VIIRS_NOAA20_NRT,,
23.54915,86.54485,302.9,0.39,0.36,2026-08-29,1955,N20,VIIRS,n,2.0NRT,274.32,0.93,N,VIIRS_NOAA20_NRT,,
28.66509,77.57698,306.44,0.42,0.61,2026-08-29,1955,N20,VIIRS,n,2.0NRT,286.13,0.68,N,VIIRS_NOAA20_NRT,,
7.43693,81.32146,304.96,0.42,0.38,2026-08-29,2000,N20,VIIRS,n,2.0NRT,283.64,0.56,N,VIIRS_NOAA20_NRT,,
7.47999,81.08849,303.42,0.43,0.38,2026-08-29,2000,N20,VIIRS,n,2.0NRT,280.31,0.8,N,VIIRS_NOAA20_NRT,,
8.77298,78.1974,326.43,0.43,0.46,2026-08-29,2000,N20,VIIRS,n,2.0NRT,273.55,2.2,N,VIIRS_NOAA20_NRT,,
9.30498,77.40442,309.28,0.49,0.48,2026-08-29,2000,N20,VIIRS,n,2.0NRT,295.01,1.74,N,VIIRS_NOAA20_NRT,,
9.75463,77.51933,333.11,0.49,0.48,2026-08-29,2000,N20,VIIRS,n,2.0NRT,292.28,9.74,N,VIIRS_NOAA20_NRT,,
9.75909,77.51995,355.55,0.49,0.48,2026-08-29,2000,N20,VIIRS,n,2.0NRT,295.61,9.74,N,VIIRS_NOAA20_NRT,,
9.79408,78.39436,313.48,0.43,0.46,2026-08-29,2000,N20,VIIRS,n,2.0NRT,292.35,1.2,N,VIIRS_NOAA20_NRT,,
10.08053,77.3137,303.46,0.51,0.49,2026-08-29,2000,N20,VIIRS,n,2.0NRT,288.4,0.74,N,VIIRS_NOAA20_NRT,,
10.32693,79.23083,303.13,0.39,0.44,2026-08-29,2000,N20,VIIRS,n,2.0NRT,287.41,0.51,N,VIIRS_NOAA20_NRT,,
10.61798,77.41872,305.55,0.51,0.49,2026-08-29,2000,N20,VIIRS,n,2.0NRT,289.22,0.93,N,VIIRS_NOAA20_NRT,,
10.93958,78.46883,338.63,0.44,0.46,2026-08-29,2000,N20,VIIRS,n,2.0NRT,278.32,2.72,N,VIIRS_NOAA20_NRT,,
10.94012,78.46482,300.86,0.44,0.46,2026-08-29,2000,N20,VIIRS,n,2.0NRT,276.99,2.72,N,VIIRS_NOAA20_NRT,,
10.94382,78.46944,298.61,0.44,0.46,2026-08-29,2000,N20,VIIRS,n,2.0NRT,278.11,0.31,N,VIIRS_NOAA20_NRT,,
11.17766,79.08904,301.17,0.4,0.44,2026-08-29,2000,N20,VIIRS,n,2.0NRT,279.92,0.51,N,VIIRS_NOAA20_NRT,,
11.47617,77.50427,301.06,0.52,0.5,2026-08-29,2000,N20,VIIRS,n,2.0NRT,278.95,0.54,N,VIIRS_NOAA20_NRT,,
11.47695,77.50159,298.16,0.52,0.5,2026-08-29,2000,N20,VIIRS,n,2.0NRT,278.39,0.36,N,VIIRS_NOAA20_NRT,,
11.56324,78.73071,319.18,0.43,0.46,2026-08-29,2000,N20,VIIRS,n,2.0NRT,287.17,1.9,N,VIIRS_NOAA20_NRT,,
13.83427,79.34254,308.41,0.42,0.45,2026-08-29,2000,N20,VIIRS,n,2.0NRT,286.61,1.24,N,VIIRS_NOAA20_NRT,,
13.8353,79.33482,308.27,0.42,0.45,2026-08-29,2000,N20,VIIRS,n,2.0NRT,286.56,1.42,N,VIIRS_NOAA20_NRT,,
13.83898,79.33909,308.77,0.42,0.45,2026-08-29,2000,N20,VIIRS,n,2.0NRT,286.83,1.24,N,VIIRS_NOAA20_NRT,,
13.8395,79.33519,305.55,0.42,0.45,2026-08-29,2000,N20,VIIRS,n,2.0NRT,286.54,1.42,N,VIIRS_NOAA20_NRT,,
32.29177,70.7382,310.83,0.41,0.45,2026-08-29,2133,N20,VIIRS,n,2.0NRT,296.14,1.41,N,VIIRS_NOAA20_NRT,,
32.29354,70.72985,311.48,0.41,0.45,2026-08-29,2133,N20,VIIRS,n,2.0NRT,296.56,1.23,N,VIIRS_NOAA20_NRT,,
33.23467,71.51348,308.32,0.44,0.46,2026-08-29,2133,N20,VIIRS,n,2.0NRT,293.47,1.46,N,VIIRS_NOAA20_NRT,,
33.29679,71.18534,309.22,0.42,0.45,2026-08-29,2133,N20,VIIRS,n,2.0NRT,293.29,1.79,N,VIIRS_NOAA20_NRT,,
35.2242,72.93111,296.64,0.47,0.48,2026-08-29,2133,N20,VIIRS,n,2.0NRT,283.76,0.92,N,VIIRS_NOAA20_NRT,,
25.38635,68.58437,306.77,0.42,0.45,2026-08-29,2136,N20,VIIRS,n,2.0NRT,295.49,1.77,N,VIIRS_NOAA20_NRT,,
25.94203,72.1932,304.41,0.34,0.56,2026-08-29,2136,N20,VIIRS,n,2.0NRT,286.63,0.39,N,VIIRS_NOAA20_NRT,,
28.42397,69.69864,312.55,0.43,0.46,2026-08-29,2136,N20,VIIRS,n,2.0NRT,296.55,2.33,N,VIIRS_NOAA20_NRT,,
29.45783,76.893,315.97,0.54,0.68,2026-08-29,2136,N20,VIIRS,n,2.0NRT,283.12,5.21,N,VIIRS_NOAA20_NRT,,
29.45884,76.89159,331.32,0.54,0.68,2026-08-29,2136,N20,VIIRS,n,2.0NRT,283.78,4.41,N,VIIRS_NOAA20_NRT,,
29.45926,76.88767,330.18,0.54,0.68,2026-08-29,2136,N20,VIIRS,n,2.0NRT,284.5,5.21,N,VIIRS_NOAA20_NRT,,
29.46024,76.88624,304.02,0.54,0.68,2026-08-29,2136,N20,VIIRS,n,2.0NRT,284.39,4.2,N,VIIRS_NOAA20_NRT,,
7.80942,81.36557,334.4,0.77,0.77,2026-08-30,705,N20,VIIRS,n,2.0NRT,298.28,8.5,D,VIIRS_NOAA20_NRT,,
7.89105,81.46039,336.39,0.76,0.77,2026-08-30,705,N20,VIIRS,n,2.0NRT,298.51,5.88,D,VIIRS_NOAA20_NRT,,
7.89295,81.46114,334.69,0.76,0.77,2026-08-30,705,N20,VIIRS,n,2.0NRT,298.57,6.87,D,VIIRS_NOAA20_NRT,,
14.50168,79.70076,336.4,0.74,0.76,2026-08-30,707,N20,VIIRS,n,2.0NRT,289.36,6.06,D,VIIRS_NOAA20_NRT,,
14.50181,79.70016,338.54,0.74,0.76,2026-08-30,707,N20,VIIRS,n,2.0NRT,289.82,4.28,D,VIIRS_NOAA20_NRT,,
23.55893,87.23925,343.58,0.5,0.41,2026-08-30,709,N20,VIIRS,n,2.0NRT,291.53,14.28,D,VIIRS_NOAA20_NRT,,
23.64829,85.43843,333.96,0.42,0.45,2026-08-30,709,N20,VIIRS,n,2.0NRT,288.41,6.73,D,VIIRS_NOAA20_NRT,,
23.76081,86.4027,330.6,0.55,0.43,2026-08-30,709,N20,VIIRS,n,2.0NRT,289.95,7.03,D,VIIRS_NOAA20_NRT,,
23.80394,86.33237,333.77,0.55,0.43,2026-08-30,709,N20,VIIRS,n,2.0NRT,289.02,3.43,D,VIIRS_NOAA20_NRT,,
27.98966,94.22114,339.7,0.48,0.4,2026-08-30,709,N20,VIIRS,n,2.0NRT,298.03,6.97,D,VIIRS_NOAA20_NRT,,
28.1259,95.46807,330.19,0.56,0.43,2026-08-30,709,N20,VIIRS,n,2.0NRT,294.91,3.18,D,VIIRS_NOAA20_NRT,,
28.92377,86.34815,330.88,0.47,0.39,2026-08-30,709,N20,VIIRS,n,2.0NRT,295.39,2.55,D,VIIRS_NOAA20_NRT,,
29.1543,88.47652,329.13,0.4,0.37,2026-08-30,709,N20,VIIRS,n,2.0NRT,298.29,2.38,D,VIIRS_NOAA20_NRT,,
29.16352,88.53256,331.57,0.4,0.37,2026-08-30,709,N20,VIIRS,n,2.0NRT,294.68,2.7,D,VIIRS_NOAA20_NRT,,
29.29201,88.86295,326.13,0.39,0.36,2026-08-30,709,N20,VIIRS,n,2.0NRT,292.93,3.33,D,VIIRS_NOAA20_NRT,,
29.55622,90.99968,330.68,0.39,0.36,2026-08-30,709,N20,VIIRS,n,2.0NRT,300.0,6.43,D,VIIRS_NOAA20_NRT,,
29.63485,90.98108,335.89,0.39,0.36,2026-08-30,709,N20,VIIRS,n,2.0NRT,295.11,2.08,D,VIIRS_NOAA20_NRT,,
29.63542,90.98508,335.78,0.39,0.36,2026-08-30,709,N20,VIIRS,n,2.0NRT,293.8,2.08,D,VIIRS_NOAA20_NRT,,
29.64221,87.67156,334.86,0.41,0.37,2026-08-30,712,N20,VIIRS,n,2.0NRT,296.06,2.91,D,VIIRS_NOAA20_NRT,,
6.45568,81.09361,334.67,0.5,0.66,2026-08-30,845,N20,VIIRS,n,2.0NRT,293.3,3.95,D,VIIRS_NOAA20_NRT,,
6.4563,81.09817,344.88,0.5,0.66,2026-08-30,845,N20,VIIRS,n,2.0NRT,293.53,3.95,D,VIIRS_NOAA20_NRT,,
6.70969,81.53863,367.0,0.54,0.68,2026-08-30,845,N20,VIIRS,h,2.0NRT,297.26,10.26,D,VIIRS_NOAA20_NRT,,
6.77071,81.56642,334.0,0.54,0.68,2026-08-30,845,N20,VIIRS,n,2.0NRT,296.59,3.45,D,VIIRS_NOAA20_NRT,,
6.81459,81.52832,336.07,0.54,0.68,2026-08-30,845,N20,VIIRS,n,2.0NRT,295.82,2.36,D,VIIRS_NOAA20_NRT,,
7.10899,81.68916,334.5,0.56,0.69,2026-08-30,845,N20,VIIRS,n,2.0NRT,295.59,7.81,D,VIIRS_NOAA20_NRT,,
7.27461,81.65147,340.35,0.56,0.69,2026-08-30,845,N20,VIIRS,n,2.0NRT,298.25,9.0,D,VIIRS_NOAA20_NRT,,
7.27653,81.15067,338.24,0.52,0.67,2026-08-30,845,N20,VIIRS,n,2.0NRT,298.86,5.03,D,VIIRS_NOAA20_NRT,,
7.31452,81.10784,338.34,0.52,0.66,2026-08-30,845,N20,VIIRS,n,2.0NRT,298.37,4.17,D,VIIRS_NOAA20_NRT,,
7.33402,81.20899,342.35,0.52,0.67,2026-08-30,845,N20,VIIRS,n,2.0NRT,299.5,7.18,D,VIIRS_NOAA20_NRT,,
7.33465,81.2114,337.87,0.52,0.67,2026-08-30,845,N20,VIIRS,n,2.0NRT,299.07,7.71,D,VIIRS_NOAA20_NRT,,
7.34516,81.19805,334.52,0.52,0.67,2026-08-30,845,N20,VIIRS,n,2.0NRT,300.05,8.43,D,VIIRS_NOAA20_NRT,,
7.34572,81.20043,332.08,0.52,0.67,2026-08-30,845,N20,VIIRS,n,2.0NRT,299.65,5.8,D,VIIRS_NOAA20_NRT,,
7.3532,81.20939,331.91,0.52,0.67,2026-08-30,845,N20,VIIRS,n,2.0NRT,298.12,6.25,D,VIIRS_NOAA20_NRT,,
7.40399,81.77965,331.31,0.57,0.69,2026-08-30,845,N20,VIIRS,n,2.0NRT,294.64,3.79,D,VIIRS_NOAA20_NRT,,
7.41334,81.2877,338.92,0.53,0.67,2026-08-30,845,N20,VIIRS,n,2.0NRT,298.88,2.27,D,VIIRS_NOAA20_NRT,,
7.61477,81.15652,351.21,0.52,0.67,2026-08-30,845,N20,VIIRS,n,2.0NRT,300.57,111.8,D,VIIRS_NOAA20_NRT,,
7.61601,81.16604,367.0,0.53,0.67,2026-08-30,845,N20,VIIRS,h,2.0NRT,300.12,50.36,D,VIIRS_NOAA20_NRT,,
7.8102,81.4497,344.67,0.55,0.68,2026-08-30,845,N20,VIIRS,n,2.0NRT,301.06,6.8,D,VIIRS_NOAA20_NRT,,
7.81421,81.45215,354.59,0.55,0.68,2026-08-30,845,N20,VIIRS,n,2.0NRT,300.54,8.01,D,VIIRS_NOAA20_NRT,,
8.88266,77.78847,339.64,0.32,0.55,2026-08-30,845,N20,VIIRS,n,2.0NRT,291.16,1.91,D,VIIRS_NOAA20_NRT,,
8.93221,77.96577,367.0,0.33,0.55,2026-08-30,845,N20,VIIRS,h,2.0NRT,293.15,8.66,D,VIIRS_NOAA20_NRT,,
9.11021,77.77234,350.61,0.32,0.55,2026-08-30,845,N20,VIIRS,n,2.0NRT,288.69,4.69,D,VIIRS_NOAA20_NRT,,
9.44333,77.66908,335.62,0.32,0.55,2026-08-30,845,N20,VIIRS,n,2.0NRT,277.88,3.8,D,VIIRS_NOAA20_NRT,,
9.4436,77.67059,330.78,0.32,0.55,2026-08-30,845,N20,VIIRS,n,2.0NRT,276.36,3.65,D,VIIRS_NOAA20_NRT,,
9.44872,77.67133,331.78,0.32,0.55,2026-08-30,845,N20,VIIRS,n,2.0NRT,278.81,3.88,D,VIIRS_NOAA20_NRT,,
9.99573,77.29134,349.42,0.62,0.54,2026-08-30,845,N20,VIIRS,n,2.0NRT,294.98,9.26,D,VIIRS_NOAA20_NRT,,
21.10281,72.6347,341.97,0.43,0.46,2026-08-30,850,N20,VIIRS,n,2.0NRT,297.24,5.36,D,VIIRS_NOAA20_NRT,,
21.1033,72.63883,334.9,0.43,0.46,2026-08-30,850,N20,VIIRS,n,2.0NRT,296.27,5.36,D,VIIRS_NOAA20_NRT,,
21.10428,72.64712,347.97,0.43,0.46,2026-08-30,850,N20,VIIRS,n,2.0NRT,298.8,9.54,D,VIIRS_NOAA20_NRT,,
25.29089,68.31947,331.29,0.43,0.38,2026-08-30,852,N20,VIIRS,l,2.0NRT,302.58,1.92,D,VIIRS_NOAA20_NRT,,
27.3954,71.0371,343.46,0.41,0.45,2026-08-30,852,N20,VIIRS,n,2.0NRT,301.58,4.08,D,VIIRS_NOAA20_NRT,,
27.39587,71.04128,339.04,0.41,0.45,2026-08-30,852,N20,VIIRS,n,2.0NRT,300.97,3.65,D,VIIRS_NOAA20_NRT,,
27.91149,68.73803,335.11,0.48,0.4,2026-08-30,852,N20,VIIRS,l,2.0NRT,306.8,6.16,D,VIIRS_NOAA20_NRT,,
28.60951,68.63565,340.94,0.48,0.4,2026-08-30,852,N20,VIIRS,l,2.0NRT,311.4,10.18,D,VIIRS_NOAA20_NRT,,
29.89493,69.47095,338.67,0.55,0.42,2026-08-30,852,N20,VIIRS,n,2.0NRT,313.66,4.6,D,VIIRS_NOAA20_NRT,,
30.49334,73.83079,367.0,0.33,0.55,2026-08-30,852,N20,VIIRS,h,2.0NRT,296.72,12.23,D,VIIRS_NOAA20_NRT,,
31.57862,74.81806,332.74,0.39,0.59,2026-08-30,852,N20,VIIRS,n,2.0NRT,293.89,3.13,D,VIIRS_NOAA20_NRT,,
15.18226,76.66277,300.4,0.69,0.74,2026-08-30,1940,N20,VIIRS,n,2.0NRT,265.07,7.11,N,VIIRS_NOAA20_NRT,,
6.88087,81.13799,315.81,0.53,0.5,2026-08-30,1942,N20,VIIRS,n,2.0NRT,288.72,2.0,N,VIIRS_NOAA20_NRT,,
6.90351,81.84157,305.85,0.47,0.48,2026-08-30,1942,N20,VIIRS,n,2.0NRT,292.77,1.37,N,VIIRS_NOAA20_NRT,,
6.93705,81.57001,303.93,0.5,0.49,2026-08-30,1942,N20,VIIRS,n,2.0NRT,291.95,1.16,N,VIIRS_NOAA20_NRT,,
6.93874,81.57184,304.71,0.49,0.49,2026-08-30,1942,N20,VIIRS,n,2.0NRT,292.01,1.15,N,VIIRS_NOAA20_NRT,,
6.96007,79.95422,304.13,0.32,0.54,2026-08-30,1942,N20,VIIRS,n,2.0NRT,286.87,0.39,N,VIIRS_NOAA20_NRT,,
6.96022,79.95305,307.88,0.32,0.55,2026-08-30,1942,N20,VIIRS,n,2.0NRT,287.31,1.45,N,VIIRS_NOAA20_NRT,,
7.11781,81.15183,307.72,0.53,0.5,2026-08-30,1942,N20,VIIRS,n,2.0NRT,287.99,1.14,N,VIIRS_NOAA20_NRT,,
7.1214,81.153,332.73,0.53,0.5,2026-08-30,1942,N20,VIIRS,n,2.0NRT,287.64,3.78,N,VIIRS_NOAA20_NRT,,
7.12192,81.14934,304.91,0.53,0.5,2026-08-30,1942,N20,VIIRS,n,2.0NRT,284.0,3.78,N,VIIRS_NOAA20_NRT,,
7.12566,81.15621,298.77,0.53,0.5,2026-08-30,1942,N20,VIIRS,n,2.0NRT,283.96,1.29,N,VIIRS_NOAA20_NRT,,
7.13786,81.13663,314.38,0.53,0.5,2026-08-30,1942,N20,VIIRS,n,2.0NRT,287.57,2.47,N,VIIRS_NOAA20_NRT,,
7.28855,81.1665,308.12,0.53,0.5,2026-08-30,1942,N20,VIIRS,n,2.0NRT,291.85,2.42,N,VIIRS_NOAA20_NRT,,
8.86762,81.02596,316.64,0.57,0.52,2026-08-30,1942,N20,VIIRS,n,2.0NRT,292.35,1.51,N,VIIRS_NOAA20_NRT,,
10.10931,77.46021,303.47,0.53,0.67,2026-08-30,1942,N20,VIIRS,n,2.0NRT,289.61,0.64,N,VIIRS_NOAA20_NRT,,
28.74474,76.9258,302.82,0.59,0.53,2026-08-30,2116,N20,VIIRS,n,2.0NRT,286.68,1.53,N,VIIRS_NOAA20_NRT,,
29.47735,76.8579,334.37,0.56,0.52,2026-08-30,2116,N20,VIIRS,n,2.0NRT,289.34,7.34,N,VIIRS_NOAA20_NRT,,
31.76995,70.10969,309.63,0.39,0.36,2026-08-30,2116,N20,VIIRS,n,2.0NRT,296.9,2.1,N,VIIRS_NOAA20_NRT,,
32.28938,70.73977,310.01,0.4,0.37,2026-08-30,2116,N20,VIIRS,n,2.0NRT,296.77,2.78,N,VIIRS_NOAA20_NRT,,
32.29412,70.73228,311.83,0.4,0.37,2026-08-30,2116,N20,VIIRS,n,2.0NRT,296.76,2.95,N,VIIRS_NOAA20_NRT,,
32.88957,71.61657,319.41,0.42,0.37,2026-08-30,2116,N20,VIIRS,n,2.0NRT,295.22,4.11,N,VIIRS_NOAA20_NRT,,
33.29668,71.18558,311.4,0.4,0.37,2026-08-30,2116,N20,VIIRS,n,2.0NRT,293.9,0.95,N,VIIRS_NOAA20_NRT,,
35.96838,68.68542,310.6,0.4,0.37,2026-08-30,2116,N20,VIIRS,n,2.0NRT,296.49,1.47,N,VIIRS_NOAA20_NRT,,
22.38943,73.11754,310.63,0.47,0.47,2026-08-30,2118,N20,VIIRS,n,2.0NRT,290.46,0.91,N,VIIRS_NOAA20_NRT,,
25.94213,72.19216,318.98,0.54,0.42,2026-08-30,2118,N20,VIIRS,n,2.0NRT,293.98,2.51,N,VIIRS_NOAA20_NRT,,
26.09575,68.88025,308.95,0.4,0.37,2026-08-30,2118,N20,VIIRS,n,2.0NRT,295.65,0.76,N,VIIRS_NOAA20_NRT,,
26.87585,73.51497,303.97,0.41,0.45,2026-08-30,2118,N20,VIIRS,n,2.0NRT,291.93,0.99,N,VIIRS_NOAA20_NRT,,
27.08151,73.8162,304.34,0.42,0.45,2026-08-30,2118,N20,VIIRS,n,2.0NRT,291.02,0.92,N,VIIRS_NOAA20_NRT,,
28.35154,70.13226,323.1,0.41,0.37,2026-08-30,2118,N20,VIIRS,n,2.0NRT,297.45,1.8,N,VIIRS_NOAA20_NRT,,
28.42507,69.70189,323.25,0.4,0.37,2026-08-30,2118,N20,VIIRS,n,2.0NRT,298.17,1.73,N,VIIRS_NOAA20_NRT,,
28.42697,69.7014,307.9,0.4,0.37,2026-08-30,2118,N20,VIIRS,n,2.0NRT,297.45,0.61,N,VIIRS_NOAA20_NRT,,
17.54469,73.15681,334.72,0.58,0.52,2026-08-30,2121,N20,VIIRS,n,2.0NRT,288.88,3.59,N,VIIRS_NOAA20_NRT,,
18.49127,74.60493,301.0,0.34,0.56,2026-08-30,2121,N20,VIIRS,n,2.0NRT,288.03,0.53,N,VIIRS_NOAA20_NRT,,
18.54775,74.2534,306.65,0.33,0.55,2026-08-30,2121,N20,VIIRS,n,2.0NRT,287.54,0.82,N,VIIRS_NOAA20_NRT,,
29.24173,91.86179,330.56,0.43,0.38,2026-08-31,652,N20,VIIRS,n,2.0NRT,297.19,3.12,D,VIIRS_NOAA20_NRT,,
29.61658,91.05703,338.16,0.46,0.39,2026-08-31,652,N20,VIIRS,n,2.0NRT,299.37,6.07,D,VIIRS_NOAA20_NRT,,
6.99862,81.59916,367.0,0.52,0.5,2026-08-31,826,N20,VIIRS,h,2.0NRT,296.13,7.7,D,VIIRS_NOAA20_NRT,,
7.43756,81.69706,342.36,0.54,0.5,2026-08-31,826,N20,VIIRS,n,2.0NRT,296.76,14.11,D,VIIRS_NOAA20_NRT,,
7.4991,81.03271,338.08,0.48,0.48,2026-08-31,828,N20,VIIRS,n,2.0NRT,300.78,5.5,D,VIIRS_NOAA20_NRT,,
7.52465,80.89653,335.78,0.47,0.48,2026-08-31,828,N20,VIIRS,n,2.0NRT,302.09,5.76,D,VIIRS_NOAA20_NRT,,
7.52504,80.89655,334.12,0.47,0.48,2026-08-31,828,N20,VIIRS,n,2.0NRT,302.17,5.21,D,VIIRS_NOAA20_NRT,,
7.57079,80.9034,335.4,0.48,0.48,2026-08-31,828,N20,VIIRS,n,2.0NRT,303.23,3.04,D,VIIRS_NOAA20_NRT,,
7.6052,80.95647,335.52,0.48,0.48,2026-08-31,828,N20,VIIRS,n,2.0NRT,304.23,3.1,D,VIIRS_NOAA20_NRT,,
7.71942,80.84451,336.88,0.47,0.48,2026-08-31,828,N20,VIIRS,n,2.0NRT,303.13,3.48,D,VIIRS_NOAA20_NRT,,
7.72003,80.84563,347.33,0.47,0.48,2026-08-31,828,N20,VIIRS,n,2.0NRT,303.24,6.05,D,VIIRS_NOAA20_NRT,,
7.72003,80.84877,331.34,0.47,0.48,2026-08-31,828,N20,VIIRS,n,2.0NRT,300.43,3.48,D,VIIRS_NOAA20_NRT,,
7.73907,80.14016,333.41,0.43,0.46,2026-08-31,828,N20,VIIRS,n,2.0NRT,297.08,3.33,D,VIIRS_NOAA20_NRT,,
7.74014,80.1397,332.59,0.43,0.46,2026-08-31,828,N20,VIIRS,n,2.0NRT,296.6,2.97,D,VIIRS_NOAA20_NRT,,
7.74957,81.51717,346.03,0.53,0.5,2026-08-31,828,N20,VIIRS,n,2.0NRT,302.95,19.14,D,VIIRS_NOAA20_NRT,,
7.85634,80.04549,331.45,0.42,0.45,2026-08-31,828,N20,VIIRS,n,2.0NRT,298.8,3.24,D,VIIRS_NOAA20_NRT,,
7.85687,80.04932,340.53,0.42,0.45,2026-08-31,828,N20,VIIRS,n,2.0NRT,297.19,3.24,D,VIIRS_NOAA20_NRT,,
7.85724,81.08614,333.75,0.49,0.49,2026-08-31,828,N20,VIIRS,n,2.0NRT,302.89,1.9,D,VIIRS_NOAA20_NRT,,
7.88049,80.61715,343.42,0.46,0.47,2026-08-31,828,N20,VIIRS,n,2.0NRT,300.13,19.85,D,VIIRS_NOAA20_NRT,,
7.92868,81.39046,346.49,0.52,0.5,2026-08-31,828,N20,VIIRS,n,2.0NRT,303.2,8.32,D,VIIRS_NOAA20_NRT,,
7.93936,81.2986,345.25,0.51,0.49,2026-08-31,828,N20,VIIRS,n,2.0NRT,305.79,19.41,D,VIIRS_NOAA20_NRT,,
7.94,81.30324,348.48,0.51,0.49,2026-08-31,828,N20,VIIRS,n,2.0NRT,306.21,19.41,D,VIIRS_NOAA20_NRT,,
7.94064,81.30788,356.05,0.51,0.49,2026-08-31,828,N20,VIIRS,n,2.0NRT,305.12,23.69,D,VIIRS_NOAA20_NRT,,
7.96193,80.58586,350.46,0.46,0.47,2026-08-31,828,N20,VIIRS,n,2.0NRT,300.88,12.47,D,VIIRS_NOAA20_NRT,,
7.97739,80.14129,351.59,0.43,0.46,2026-08-31,828,N20,VIIRS,n,2.0NRT,301.27,13.74,D,VIIRS_NOAA20_NRT,,
7.9777,80.23698,333.13,0.44,0.46,2026-08-31,828,N20,VIIRS,n,2.0NRT,301.56,3.64,D,VIIRS_NOAA20_NRT,,
7.99625,80.37224,336.79,0.44,0.46,2026-08-31,828,N20,VIIRS,n,2.0NRT,300.03,4.87,D,VIIRS_NOAA20_NRT,,
8.00052,80.37166,346.44,0.44,0.46,2026-08-31,828,N20,VIIRS,n,2.0NRT,301.25,4.87,D,VIIRS_NOAA20_NRT,,
8.00086,80.2176,350.56,0.43,0.46,2026-08-31,828,N20,VIIRS,n,2.0NRT,303.05,18.92,D,VIIRS_NOAA20_NRT,,
8.00447,80.52874,339.29,0.46,0.47,2026-08-31,828,N20,VIIRS,n,2.0NRT,299.19,6.31,D,VIIRS_NOAA20_NRT,,
8.00677,80.52929,339.52,0.45,0.47,2026-08-31,828,N20,VIIRS,n,2.0NRT,297.5,3.71,D,VIIRS_NOAA20_NRT,,
8.00891,79.94204,331.5,0.42,0.45,2026-08-31,828,N20,VIIRS,n,2.0NRT,300.57,3.64,D,VIIRS_NOAA20_NRT,,
8.00937,80.60907,350.18,0.46,0.47,2026-08-31,828,N20,VIIRS,n,2.0NRT,302.56,9.07,D,VIIRS_NOAA20_NRT,,
8.00996,80.61324,342.03,0.46,0.47,2026-08-31,828,N20,VIIRS,n,2.0NRT,299.58,9.07,D,VIIRS_NOAA20_NRT,,
8.0108,80.6081,349.17,0.46,0.47,2026-08-31,828,N20,VIIRS,n,2.0NRT,300.99,9.51,D,VIIRS_NOAA20_NRT,,
8.01137,80.61227,342.11,0.46,0.47,2026-08-31,828,N20,VIIRS,n,2.0NRT,299.56,9.51,D,VIIRS_NOAA20_NRT,,
8.01371,80.60847,334.84,0.46,0.47,2026-08-31,828,N20,VIIRS,n,2.0NRT,298.38,9.07,D,VIIRS_NOAA20_NRT,,
8.02744,80.40894,341.49,0.45,0.47,2026-08-31,828,N20,VIIRS,n,2.0NRT,299.2,7.85,D,VIIRS_NOAA20_NRT,,
8.0432,80.3658,332.85,0.44,0.46,2026-08-31,828,N20,VIIRS,n,2.0NRT,301.34,3.31,D,VIIRS_NOAA20_NRT,,
8.04964,80.00629,349.23,0.42,0.45,2026-08-31,828,N20,VIIRS,n,2.0NRT,300.61,6.46,D,VIIRS_NOAA20_NRT,,
8.05381,80.00571,334.41,0.42,0.45,2026-08-31,828,N20,VIIRS,n,2.0NRT,299.61,4.26,D,VIIRS_NOAA20_NRT,,
8.0623,80.6608,333.65,0.47,0.47,2026-08-31,828,N20,VIIRS,n,2.0NRT,303.31,3.46,D,VIIRS_NOAA20_NRT,,
8.07497,80.56109,344.08,0.46,0.47,2026-08-31,828,N20,VIIRS,n,2.0NRT,299.79,6.7,D,VIIRS_NOAA20_NRT,,
8.11853,80.619,336.09,0.46,0.47,2026-08-31,828,N20,VIIRS,n,2.0NRT,302.05,4.81,D,VIIRS_NOAA20_NRT,,
8.14395,80.59945,336.44,0.46,0.47,2026-08-31,828,N20,VIIRS,n,2.0NRT,302.46,3.06,D,VIIRS_NOAA20_NRT,,
8.16395,80.584,335.73,0.46,0.47,2026-08-31,828,N20,VIIRS,n,2.0NRT,299.59,2.2,D,VIIRS_NOAA20_NRT,,
8.16829,80.5834,335.75,0.46,0.47,2026-08-31,828,N20,VIIRS,n,2.0NRT,300.42,3.59,D,VIIRS_NOAA20_NRT,,
8.19681,80.07571,331.78,0.43,0.46,2026-08-31,828,N20,VIIRS,l,2.0NRT,302.78,2.98,D,VIIRS_NOAA20_NRT,,
8.24863,80.5135,334.47,0.46,0.47,2026-08-31,828,N20,VIIRS,n,2.0NRT,302.25,3.91,D,VIIRS_NOAA20_NRT,,
8.25295,80.51289,335.61,0.46,0.47,2026-08-31,828,N20,VIIRS,n,2.0NRT,300.72,3.91,D,VIIRS_NOAA20_NRT,,
8.27287,80.18867,336.16,0.44,0.46,2026-08-31,828,N20,VIIRS,n,2.0NRT,303.69,3.83,D,VIIRS_NOAA20_NRT,,
8.2757,80.33056,332.23,0.45,0.47,2026-08-31,828,N20,VIIRS,n,2.0NRT,302.15,3.22,D,VIIRS_NOAA20_NRT,,
8.28996,80.58859,333.05,0.46,0.47,2026-08-31,828,N20,VIIRS,n,2.0NRT,302.72,7.2,D,VIIRS_NOAA20_NRT,,
8.29123,80.22637,338.13,0.44,0.46,2026-08-31,828,N20,VIIRS,n,2.0NRT,303.32,4.07,D,VIIRS_NOAA20_NRT,,
8.29536,80.22634,346.13,0.44,0.46,2026-08-31,828,N20,VIIRS,n,2.0NRT,304.54,8.41,D,VIIRS_NOAA20_NRT,,
8.33133,80.39417,332.61,0.45,0.47,2026-08-31,828,N20,VIIRS,n,2.0NRT,302.07,2.1,D,VIIRS_NOAA20_NRT,,
8.33387,81.00347,346.86,0.49,0.49,2026-08-31,828,N20,VIIRS,n,2.0NRT,303.47,11.23,D,VIIRS_NOAA20_NRT,,
8.34184,77.54288,343.41,0.46,0.39,2026-08-31,828,N20,VIIRS,n,2.0NRT,302.56,8.3,D,VIIRS_NOAA20_NRT,,
8.34222,80.15943,332.6,0.44,0.46,2026-08-31,828,N20,VIIRS,l,2.0NRT,304.18,5.79,D,VIIRS_NOAA20_NRT,,
8.34278,80.16339,341.1,0.44,0.46,2026-08-31,828,N20,VIIRS,n,2.0NRT,303.38,5.79,D,VIIRS_NOAA20_NRT,,
8.34466,80.20757,340.2,0.44,0.46,2026-08-31,828,N20,VIIRS,n,2.0NRT,305.84,6.19,D,VIIRS_NOAA20_NRT,,
8.34645,80.15887,337.48,0.44,0.46,2026-08-31,828,N20,VIIRS,n,2.0NRT,303.68,5.79,D,VIIRS_NOAA20_NRT,,
8.34701,80.16283,343.23,0.44,0.46,2026-08-31,828,N20,VIIRS,n,2.0NRT,303.68,5.79,D,VIIRS_NOAA20_NRT,,
8.34843,80.29674,343.2,0.44,0.46,2026-08-31,828,N20,VIIRS,n,2.0NRT,303.86,9.99,D,VIIRS_NOAA20_NRT,,
8.34946,80.21097,334.65,0.44,0.46,2026-08-31,828,N20,VIIRS,n,2.0NRT,302.27,4.4,D,VIIRS_NOAA20_NRT,,
8.35112,80.22285,333.21,0.44,0.46,2026-08-31,828,N20,VIIRS,n,2.0NRT,302.22,2.05,D,VIIRS_NOAA20_NRT,,
8.3625,80.18092,342.32,0.44,0.46,2026-08-31,828,N20,VIIRS,n,2.0NRT,304.29,3.56,D,VIIRS_NOAA20_NRT,,
8.36317,81.05014,337.35,0.5,0.49,2026-08-31,828,N20,VIIRS,n,2.0NRT,303.77,3.85,D,VIIRS_NOAA20_NRT,,
8.3638,81.05466,332.73,0.5,0.49,2026-08-31,828,N20,VIIRS,n,2.0NRT,301.97,3.85,D,VIIRS_NOAA20_NRT,,
8.36833,80.31458,330.13,0.45,0.47,2026-08-31,828,N20,VIIRS,l,2.0NRT,302.74,2.92,D,VIIRS_NOAA20_NRT,,
8.3689,80.3186,333.67,0.45,0.47,2026-08-31,828,N20,VIIRS,n,2.0NRT,302.3,3.76,D,VIIRS_NOAA20_NRT,,
8.3692,80.2898,336.36,0.44,0.46,2026-08-31,828,N20,VIIRS,n,2.0NRT,302.59,2.11,D,VIIRS_NOAA20_NRT,,
8.37198,80.43458,333.34,0.45,0.47,2026-08-31,828,N20,VIIRS,n,2.0NRT,301.4,3.91,D,VIIRS_NOAA20_NRT,,
8.37719,80.16282,332.03,0.44,0.46,2026-08-31,828,N20,VIIRS,l,2.0NRT,304.92,2.67,D,VIIRS_NOAA20_NRT,,
8.38136,80.16219,331.12,0.44,0.46,2026-08-31,828,N20,VIIRS,l,2.0NRT,305.1,7.23,D,VIIRS_NOAA20_NRT,,
8.38143,80.16226,331.65,0.44,0.46,2026-08-31,828,N20,VIIRS,l,2.0NRT,305.45,2.67,D,VIIRS_NOAA20_NRT,,
8.38452,80.15371,343.49,0.44,0.46,2026-08-31,828,N20,VIIRS,n,2.0NRT,305.46,4.95,D,VIIRS_NOAA20_NRT,,
8.38453,80.15381,336.04,0.44,0.46,2026-08-31,828,N20,VIIRS,n,2.0NRT,304.79,3.7,D,VIIRS_NOAA20_NRT,,
8.38506,80.15767,331.51,0.44,0.46,2026-08-31,828,N20,VIIRS,l,2.0NRT,303.82,4.95,D,VIIRS_NOAA20_NRT,,
8.38509,80.15776,331.14,0.44,0.46,2026-08-31,828,N20,VIIRS,l,2.0NRT,304.11,3.7,D,VIIRS_NOAA20_NRT,,
8.38613,80.16559,343.26,0.44,0.46,2026-08-31,828,N20,VIIRS,n,2.0NRT,304.58,7.23,D,VIIRS_NOAA20_NRT,,
8.38623,80.16566,345.13,0.44,0.46,2026-08-31,828,N20,VIIRS,n,2.0NRT,304.71,12.55,D,VIIRS_NOAA20_NRT,,
8.38875,80.15311,332.2,0.44,0.46,2026-08-31,828,N20,VIIRS,n,2.0NRT,301.95,4.51,D,VIIRS_NOAA20_NRT,,
8.38876,80.15323,340.33,0.44,0.46,2026-08-31,828,N20,VIIRS,n,2.0NRT,302.27,3.7,D,VIIRS_NOAA20_NRT,,
8.38929,80.15709,346.41,0.44,0.46,2026-08-31,828,N20,VIIRS,n,2.0NRT,304.08,4.51,D,VIIRS_NOAA20_NRT,,
8.38933,80.15719,345.67,0.44,0.46,2026-08-31,828,N20,VIIRS,n,2.0NRT,304.63,3.7,D,VIIRS_NOAA20_NRT,,
8.3909,80.38186,349.29,0.45,0.47,2026-08-31,828,N20,VIIRS,n,2.0NRT,300.79,40.32,D,VIIRS_NOAA20_NRT,,
8.39514,80.60126,331.06,0.47,0.47,2026-08-31,828,N20,VIIRS,n,2.0NRT,300.38,2.53,D,VIIRS_NOAA20_NRT,,
8.39604,80.63992,332.36,0.47,0.48,2026-08-31,828,N20,VIIRS,l,2.0NRT,302.99,3.64,D,VIIRS_NOAA20_NRT,,
8.40235,81.03561,331.3,0.5,0.49,2026-08-31,828,N20,VIIRS,l,2.0NRT,302.1,2.93,D,VIIRS_NOAA20_NRT,,
8.43194,80.80195,353.15,0.48,0.48,2026-08-31,828,N20,VIIRS,n,2.0NRT,301.78,7.0,D,VIIRS_NOAA20_NRT,,
8.43576,80.79701,336.48,0.48,0.48,2026-08-31,828,N20,VIIRS,n,2.0NRT,299.69,7.0,D,VIIRS_NOAA20_NRT,,
8.43796,80.62118,332.73,0.47,0.48,2026-08-31,828,N20,VIIRS,n,2.0NRT,300.05,2.75,D,VIIRS_NOAA20_NRT,,
8.44329,81.08285,344.6,0.5,0.49,2026-08-31,828,N20,VIIRS,n,2.0NRT,303.43,7.36,D,VIIRS_NOAA20_NRT,,
8.44717,77.58348,335.04,0.46,0.39,2026-08-31,828,N20,VIIRS,n,2.0NRT,302.12,2.18,D,VIIRS_NOAA20_NRT,,
8.45679,80.5248,340.68,0.46,0.47,2026-08-31,828,N20,VIIRS,n,2.0NRT,298.18,2.27,D,VIIRS_NOAA20_NRT,,
8.47278,80.77496,334.05,0.48,0.48,2026-08-31,828,N20,VIIRS,n,2.0NRT,301.25,5.96,D,VIIRS_NOAA20_NRT,,
8.4731,80.77429,340.33,0.48,0.48,2026-08-31,828,N20,VIIRS,n,2.0NRT,301.83,7.36,D,VIIRS_NOAA20_NRT,,
8.47689,80.80559,341.17,0.48,0.48,2026-08-31,828,N20,VIIRS,n,2.0NRT,298.99,5.55,D,VIIRS_NOAA20_NRT,,
8.47744,80.80485,341.04,0.48,0.48,2026-08-31,828,N20,VIIRS,n,2.0NRT,298.83,4.89,D,VIIRS_NOAA20_NRT,,
8.48752,80.81756,339.16,0.48,0.48,2026-08-31,828,N20,VIIRS,n,2.0NRT,300.56,5.26,D,VIIRS_NOAA20_NRT,,
8.48861,80.62767,338.9,0.47,0.48,2026-08-31,828,N20,VIIRS,n,2.0NRT,296.42,3.9,D,VIIRS_NOAA20_NRT,,
8.49255,80.82135,337.85,0.48,0.48,2026-08-31,828,N20,VIIRS,n,2.0NRT,300.6,5.26,D,VIIRS_NOAA20_NRT,,
8.50704,80.82832,348.79,0.48,0.48,2026-08-31,828,N20,VIIRS,n,2.0NRT,301.89,9.54,D,VIIRS_NOAA20_NRT,,
8.54867,80.86773,342.36,0.49,0.48,2026-08-31,828,N20,VIIRS,n,2.0NRT,301.5,3.74,D,VIIRS_NOAA20_NRT,,
8.55046,80.75088,343.0,0.48,0.48,2026-08-31,828,N20,VIIRS,n,2.0NRT,302.16,10.09,D,VIIRS_NOAA20_NRT,,
8.55486,80.62312,333.35,0.47,0.48,2026-08-31,828,N20,VIIRS,n,2.0NRT,301.02,3.18,D,VIIRS_NOAA20_NRT,,
8.55546,80.6274,337.14,0.47,0.48,2026-08-31,828,N20,VIIRS,n,2.0NRT,296.27,3.18,D,VIIRS_NOAA20_NRT,,
8.55563,80.62306,343.88,0.47,0.48,2026-08-31,828,N20,VIIRS,n,2.0NRT,302.43,5.58,D,VIIRS_NOAA20_NRT,,
8.55621,80.62737,334.33,0.47,0.48,2026-08-31,828,N20,VIIRS,n,2.0NRT,299.17,5.58,D,VIIRS_NOAA20_NRT,,
8.55923,80.6225,336.01,0.47,0.48,2026-08-31,828,N20,VIIRS,n,2.0NRT,303.06,8.58,D,VIIRS_NOAA20_NRT,,
8.58205,80.97684,336.89,0.5,0.49,2026-08-31,828,N20,VIIRS,n,2.0NRT,302.13,6.9,D,VIIRS_NOAA20_NRT,,
8.58503,80.74178,338.14,0.48,0.48,2026-08-31,828,N20,VIIRS,n,2.0NRT,306.07,54.47,D,VIIRS_NOAA20_NRT,,
8.59185,80.82607,355.1,0.49,0.48,2026-08-31,828,N20,VIIRS,n,2.0NRT,306.02,19.95,D,VIIRS_NOAA20_NRT,,
8.5926,80.82563,347.51,0.49,0.48,2026-08-31,828,N20,VIIRS,n,2.0NRT,306.04,18.26,D,VIIRS_NOAA20_NRT,,
8.59629,80.82545,336.88,0.49,0.48,2026-08-31,828,N20,VIIRS,n,2.0NRT,302.29,6.37,D,VIIRS_NOAA20_NRT,,
8.59689,80.82993,343.67,0.49,0.48,2026-08-31,828,N20,VIIRS,n,2.0NRT,302.84,8.4,D,VIIRS_NOAA20_NRT,,
8.61147,80.67232,335.18,0.47,0.48,2026-08-31,828,N20,VIIRS,n,2.0NRT,300.27,3.92,D,VIIRS_NOAA20_NRT,,
8.61864,81.13992,336.01,0.51,0.49,2026-08-31,828,N20,VIIRS,n,2.0NRT,304.3,9.72,D,VIIRS_NOAA20_NRT,,
8.6212,80.97694,330.05,0.5,0.49,2026-08-31,828,N20,VIIRS,l,2.0NRT,302.13,4.23,D,VIIRS_NOAA20_NRT,,
8.62364,80.99509,330.37,0.5,0.49,2026-08-31,828,N20,VIIRS,l,2.0NRT,300.69,3.42,D,VIIRS_NOAA20_NRT,,
8.62401,80.50606,331.19,0.46,0.47,2026-08-31,828,N20,VIIRS,l,2.0NRT,302.37,4.22,D,VIIRS_NOAA20_NRT,,
8.62569,80.97631,342.52,0.5,0.49,2026-08-31,828,N20,VIIRS,n,2.0NRT,303.06,9.27,D,VIIRS_NOAA20_NRT,,
8.63244,80.7268,333.84,0.48,0.48,2026-08-31,828,N20,VIIRS,n,2.0NRT,301.88,3.03,D,VIIRS_NOAA20_NRT,,
8.63687,80.72626,334.92,0.48,0.48,2026-08-31,828,N20,VIIRS,n,2.0NRT,301.75,8.18,D,VIIRS_NOAA20_NRT,,
8.64102,80.6594,343.21,0.47,0.48,2026-08-31,828,N20,VIIRS,n,2.0NRT,300.08,5.43,D,VIIRS_NOAA20_NRT,,
8.64128,80.72565,356.03,0.48,0.48,2026-08-31,828,N20,VIIRS,n,2.0NRT,303.5,8.18,D,VIIRS_NOAA20_NRT,,
8.64901,80.814,332.32,0.49,0.48,2026-08-31,828,N20,VIIRS,n,2.0NRT,301.8,1.84,D,VIIRS_NOAA20_NRT,,
8.64962,80.81837,332.66,0.49,0.48,2026-08-31,828,N20,VIIRS,l,2.0NRT,302.75,1.84,D,VIIRS_NOAA20_NRT,,
8.65062,80.9914,346.12,0.5,0.49,2026-08-31,828,N20,VIIRS,n,2.0NRT,303.27,8.52,D,VIIRS_NOAA20_NRT,,
8.65346,80.81342,331.31,0.49,0.48,2026-08-31,828,N20,VIIRS,n,2.0NRT,299.83,1.84,D,VIIRS_NOAA20_NRT,,
8.65821,80.88054,332.53,0.49,0.49,2026-08-31,828,N20,VIIRS,n,2.0NRT,299.8,4.07,D,VIIRS_NOAA20_NRT,,
8.67149,80.91069,330.54,0.49,0.49,2026-08-31,828,N20,VIIRS,l,2.0NRT,300.94,3.57,D,VIIRS_NOAA20_NRT,,
8.67484,80.74409,331.03,0.48,0.48,2026-08-31,828,N20,VIIRS,l,2.0NRT,302.7,1.87,D,VIIRS_NOAA20_NRT,,
8.67534,80.90561,346.08,0.49,0.49,2026-08-31,828,N20,VIIRS,n,2.0NRT,302.55,5.1,D,VIIRS_NOAA20_NRT,,
8.68043,80.75225,330.65,0.48,0.48,2026-08-31,828,N20,VIIRS,l,2.0NRT,303.01,9.53,D,VIIRS_NOAA20_NRT,,
8.68154,80.7559,334.19,0.48,0.48,2026-08-31,828,N20,VIIRS,n,2.0NRT,301.97,4.6,D,VIIRS_NOAA20_NRT,,
8.71115,80.42238,344.82,0.46,0.47,2026-08-31,828,N20,VIIRS,n,2.0NRT,302.92,11.1,D,VIIRS_NOAA20_NRT,,
8.71157,80.17744,337.48,0.44,0.46,2026-08-31,828,N20,VIIRS,n,2.0NRT,303.0,3.47,D,VIIRS_NOAA20_NRT,,
8.7154,80.17755,345.71,0.44,0.46,2026-08-31,828,N20,VIIRS,n,2.0NRT,302.75,5.83,D,VIIRS_NOAA20_NRT,,
8.71583,80.17689,339.95,0.44,0.46,2026-08-31,828,N20,VIIRS,n,2.0NRT,301.39,3.47,D,VIIRS_NOAA20_NRT,,
8.72286,77.91467,338.28,0.49,0.4,2026-08-31,828,N20,VIIRS,n,2.0NRT,306.32,6.73,D,VIIRS_NOAA20_NRT,,
8.74155,77.75618,337.88,0.48,0.4,2026-08-31,828,N20,VIIRS,n,2.0NRT,305.11,6.5,D,VIIRS_NOAA20_NRT,,
8.79099,80.99689,337.77,0.5,0.49,2026-08-31,828,N20,VIIRS,n,2.0NRT,303.73,6.61,D,VIIRS_NOAA20_NRT,,
8.80527,80.54754,341.81,0.47,0.48,2026-08-31,828,N20,VIIRS,n,2.0NRT,301.71,5.75,D,VIIRS_NOAA20_NRT,,
8.80585,80.97179,353.05,0.5,0.49,2026-08-31,828,N20,VIIRS,n,2.0NRT,306.76,24.52,D,VIIRS_NOAA20_NRT,,
8.80618,80.39346,330.66,0.46,0.47,2026-08-31,828,N20,VIIRS,l,2.0NRT,303.94,3.18,D,VIIRS_NOAA20_NRT,,
8.811,80.97575,342.4,0.5,0.49,2026-08-31,828,N20,VIIRS,n,2.0NRT,302.77,12.43,D,VIIRS_NOAA20_NRT,,
8.84779,80.6291,331.81,0.47,0.48,2026-08-31,828,N20,VIIRS,l,2.0NRT,305.61,3.09,D,VIIRS_NOAA20_NRT,,
8.86022,80.88332,338.12,0.49,0.49,2026-08-31,828,N20,VIIRS,n,2.0NRT,305.74,4.71,D,VIIRS_NOAA20_NRT,,
8.8647,80.88271,349.15,0.49,0.49,2026-08-31,828,N20,VIIRS,n,2.0NRT,305.26,9.01,D,VIIRS_NOAA20_NRT,,
8.87747,80.74528,334.47,0.48,0.48,2026-08-31,828,N20,VIIRS,l,2.0NRT,304.58,5.16,D,VIIRS_NOAA20_NRT,,
8.89342,80.21487,330.08,0.45,0.47,2026-08-31,828,N20,VIIRS,l,2.0NRT,304.16,4.02,D,VIIRS_NOAA20_NRT,,
8.90025,80.48766,349.11,0.47,0.47,2026-08-31,828,N20,VIIRS,n,2.0NRT,304.52,5.05,D,VIIRS_NOAA20_NRT,,
8.9064,80.43552,343.6,0.46,0.47,2026-08-31,828,N20,VIIRS,n,2.0NRT,305.69,7.62,D,VIIRS_NOAA20_NRT,,
8.91393,80.42594,347.9,0.46,0.47,2026-08-31,828,N20,VIIRS,n,2.0NRT,304.41,18.93,D,VIIRS_NOAA20_NRT,,
8.97572,80.38023,341.86,0.46,0.47,2026-08-31,828,N20,VIIRS,n,2.0NRT,305.11,6.5,D,VIIRS_NOAA20_NRT,,
8.97628,80.38439,341.82,0.46,0.47,2026-08-31,828,N20,VIIRS,n,2.0NRT,303.0,6.5,D,VIIRS_NOAA20_NRT,,
8.99764,80.77033,332.49,0.49,0.48,2026-08-31,828,N20,VIIRS,l,2.0NRT,304.31,4.46,D,VIIRS_NOAA20_NRT,,
9.00123,80.77132,336.29,0.49,0.48,2026-08-31,828,N20,VIIRS,n,2.0NRT,303.31,2.96,D,VIIRS_NOAA20_NRT,,
9.01742,80.11259,332.54,0.44,0.46,2026-08-31,828,N20,VIIRS,l,2.0NRT,306.74,4.92,D,VIIRS_NOAA20_NRT,,
9.02701,77.86887,341.66,0.49,0.4,2026-08-31,828,N20,VIIRS,n,2.0NRT,311.06,10.62,D,VIIRS_NOAA20_NRT,,
9.0382,80.44867,333.31,0.46,0.47,2026-08-31,828,N20,VIIRS,l,2.0NRT,305.99,5.85,D,VIIRS_NOAA20_NRT,,
9.03879,80.4529,349.93,0.47,0.47,2026-08-31,828,N20,VIIRS,n,2.0NRT,306.54,5.85,D,VIIRS_NOAA20_NRT,,
9.09946,77.59773,340.97,0.47,0.4,2026-08-31,828,N20,VIIRS,n,2.0NRT,309.36,6.5,D,VIIRS_NOAA20_NRT,,
9.09992,77.59845,340.12,0.47,0.4,2026-08-31,828,N20,VIIRS,n,2.0NRT,309.29,5.89,D,VIIRS_NOAA20_NRT,,
9.10032,78.18219,340.05,0.51,0.41,2026-08-31,828,N20,VIIRS,n,2.0NRT,305.68,12.25,D,VIIRS_NOAA20_NRT,,
9.13589,80.28188,336.74,0.45,0.47,2026-08-31,828,N20,VIIRS,l,2.0NRT,307.55,2.63,D,VIIRS_NOAA20_NRT,,
9.14675,80.68382,341.12,0.48,0.48,2026-08-31,828,N20,VIIRS,n,2.0NRT,305.98,7.74,D,VIIRS_NOAA20_NRT,,
9.17064,80.13245,337.12,0.45,0.47,2026-08-31,828,N20,VIIRS,n,2.0NRT,301.83,7.29,D,VIIRS_NOAA20_NRT,,
9.1854,80.30553,333.61,0.46,0.47,2026-08-31,828,N20,VIIRS,l,2.0NRT,304.0,5.33,D,VIIRS_NOAA20_NRT,,
9.30984,80.43034,335.04,0.47,0.48,2026-08-31,828,N20,VIIRS,n,2.0NRT,299.73,3.09,D,VIIRS_NOAA20_NRT,,
9.33502,77.6755,340.82,0.48,0.4,2026-08-31,828,N20,VIIRS,n,2.0NRT,297.84,8.25,D,VIIRS_NOAA20_NRT,,
9.33629,76.59998,331.62,0.43,0.38,2026-08-31,828,N20,VIIRS,n,2.0NRT,297.35,2.3,D,VIIRS_NOAA20_NRT,,
9.33842,77.67591,348.33,0.48,0.4,2026-08-31,828,N20,VIIRS,n,2.0NRT,302.43,15.33,D,VIIRS_NOAA20_NRT,,
9.36466,80.44054,343.81,0.47,0.48,2026-08-31,828,N20,VIIRS,n,2.0NRT,305.66,5.75,D,VIIRS_NOAA20_NRT,,
9.38395,80.45099,341.9,0.47,0.48,2026-08-31,828,N20,VIIRS,n,2.0NRT,303.09,6.92,D,VIIRS_NOAA20_NRT,,
9.41356,80.40045,333.64,0.47,0.48,2026-08-31,828,N20,VIIRS,n,2.0NRT,301.0,3.01,D,VIIRS_NOAA20_NRT,,
9.41398,80.47003,331.51,0.47,0.48,2026-08-31,828,N20,VIIRS,n,2.0NRT,300.22,2.38,D,VIIRS_NOAA20_NRT,,
9.41413,80.4047,331.58,0.47,0.48,2026-08-31,828,N20,VIIRS,n,2.0NRT,300.2,3.01,D,VIIRS_NOAA20_NRT,,
9.43492,77.46063,336.91,0.47,0.4,2026-08-31,828,N20,VIIRS,n,2.0NRT,306.59,2.32,D,VIIRS_NOAA20_NRT,,
9.65592,77.65157,340.63,0.48,0.4,2026-08-31,828,N20,VIIRS,n,2.0NRT,304.25,4.59,D,VIIRS_NOAA20_NRT,,
9.65621,77.65012,339.0,0.48,0.4,2026-08-31,828,N20,VIIRS,n,2.0NRT,303.15,4.92,D,VIIRS_NOAA20_NRT,,
9.7255,77.27241,331.44,0.46,0.39,2026-08-31,828,N20,VIIRS,l,2.0NRT,304.45,1.76,D,VIIRS_NOAA20_NRT,,
9.77065,78.36562,338.51,0.53,0.42,2026-08-31,828,N20,VIIRS,n,2.0NRT,307.27,5.6,D,VIIRS_NOAA20_NRT,,
9.78937,78.38755,333.79,0.53,0.42,2026-08-31,828,N20,VIIRS,n,2.0NRT,303.62,3.64,D,VIIRS_NOAA20_NRT,,
9.94658,77.72368,338.91,0.49,0.4,2026-08-31,828,N20,VIIRS,n,2.0NRT,304.69,6.94,D,VIIRS_NOAA20_NRT,,
10.03775,78.14595,334.77,0.52,0.41,2026-08-31,828,N20,VIIRS,l,2.0NRT,305.02,4.01,D,VIIRS_NOAA20_NRT,,
10.04175,77.58042,339.12,0.48,0.4,2026-08-31,828,N20,VIIRS,n,2.0NRT,304.56,29.4,D,VIIRS_NOAA20_NRT,,
10.27317,78.84991,337.68,0.38,0.43,2026-08-31,828,N20,VIIRS,n,2.0NRT,288.04,3.9,D,VIIRS_NOAA20_NRT,,
10.28726,77.86376,336.28,0.5,0.41,2026-08-31,828,N20,VIIRS,n,2.0NRT,282.82,4.79,D,VIIRS_NOAA20_NRT,,
10.66276,78.48209,335.26,0.55,0.43,2026-08-31,828,N20,VIIRS,n,2.0NRT,299.46,2.22,D,VIIRS_NOAA20_NRT,,
10.73763,78.73309,335.81,0.57,0.43,2026-08-31,828,N20,VIIRS,n,2.0NRT,298.79,3.35,D,VIIRS_NOAA20_NRT,,
10.76245,78.65031,334.91,0.57,0.43,2026-08-31,828,N20,VIIRS,n,2.0NRT,299.28,3.55,D,VIIRS_NOAA20_NRT,,
10.76564,78.65233,338.36,0.57,0.43,2026-08-31,828,N20,VIIRS,n,2.0NRT,300.99,5.89,D,VIIRS_NOAA20_NRT,,
10.84943,78.79076,335.91,0.39,0.44,2026-08-31,828,N20,VIIRS,n,2.0NRT,300.38,3.38,D,VIIRS_NOAA20_NRT,,
11.19128,76.92039,332.0,0.46,0.39,2026-08-31,828,N20,VIIRS,n,2.0NRT,296.2,2.29,D,VIIRS_NOAA20_NRT,,
11.45847,79.20508,331.29,0.42,0.45,2026-08-31,828,N20,VIIRS,n,2.0NRT,298.72,4.75,D,VIIRS_NOAA20_NRT,,
11.46265,79.2357,335.83,0.42,0.45,2026-08-31,828,N20,VIIRS,n,2.0NRT,300.33,3.95,D,VIIRS_NOAA20_NRT,,
11.47324,77.20173,333.62,0.48,0.4,2026-08-31,828,N20,VIIRS,n,2.0NRT,295.28,3.2,D,VIIRS_NOAA20_NRT,,
11.62768,78.61454,338.59,0.39,0.44,2026-08-31,828,N20,VIIRS,n,2.0NRT,299.74,2.1,D,VIIRS_NOAA20_NRT,,
11.70993,79.0149,333.03,0.41,0.45,2026-08-31,828,N20,VIIRS,n,2.0NRT,300.21,1.34,D,VIIRS_NOAA20_NRT,,
11.88784,77.23312,339.3,0.49,0.4,2026-08-31,828,N20,VIIRS,n,2.0NRT,295.55,4.91,D,VIIRS_NOAA20_NRT,,
12.05407,79.33384,333.4,0.43,0.46,2026-08-31,828,N20,VIIRS,l,2.0NRT,303.79,1.84,D,VIIRS_NOAA20_NRT,,
12.24117,79.08451,341.4,0.42,0.45,2026-08-31,828,N20,VIIRS,n,2.0NRT,299.69,3.57,D,VIIRS_NOAA20_NRT,,
12.34985,79.22876,351.38,0.43,0.46,2026-08-31,828,N20,VIIRS,n,2.0NRT,306.01,26.13,D,VIIRS_NOAA20_NRT,,
12.35043,79.22861,353.47,0.43,0.46,2026-08-31,828,N20,VIIRS,n,2.0NRT,303.73,20.52,D,VIIRS_NOAA20_NRT,,
12.40623,79.97924,330.41,0.48,0.48,2026-08-31,828,N20,VIIRS,n,2.0NRT,300.37,4.96,D,VIIRS_NOAA20_NRT,,
12.91149,79.43056,335.76,0.45,0.47,2026-08-31,828,N20,VIIRS,n,2.0NRT,299.59,2.51,D,VIIRS_NOAA20_NRT,,
13.1221,79.9063,336.64,0.49,0.48,2026-08-31,828,N20,VIIRS,n,2.0NRT,294.46,4.33,D,VIIRS_NOAA20_NRT,,
13.58984,78.21954,331.87,0.39,0.44,2026-08-31,828,N20,VIIRS,n,2.0NRT,293.69,1.78,D,VIIRS_NOAA20_NRT,,
14.35068,77.20792,334.78,0.52,0.41,2026-08-31,828,N20,VIIRS,n,2.0NRT,294.14,5.55,D,VIIRS_NOAA20_NRT,,
14.47482,78.26068,337.14,0.4,0.44,2026-08-31,828,N20,VIIRS,n,2.0NRT,296.09,2.53,D,VIIRS_NOAA20_NRT,,
17.77075,75.83885,338.77,0.48,0.4,2026-08-31,830,N20,VIIRS,n,2.0NRT,299.26,1.97,D,VIIRS_NOAA20_NRT,,
17.96539,75.48702,336.33,0.46,0.39,2026-08-31,830,N20,VIIRS,n,2.0NRT,299.52,3.37,D,VIIRS_NOAA20_NRT,,
21.102,72.63538,337.48,0.39,0.37,2026-08-31,833,N20,VIIRS,n,2.0NRT,299.47,9.17,D,VIIRS_NOAA20_NRT,,
21.10255,72.63916,337.23,0.39,0.37,2026-08-31,833,N20,VIIRS,n,2.0NRT,296.08,7.44,D,VIIRS_NOAA20_NRT,,
25.59085,72.62873,332.94,0.42,0.38,2026-08-31,833,N20,VIIRS,n,2.0NRT,297.48,2.74,D,VIIRS_NOAA20_NRT,,
26.85779,72.11017,338.83,0.41,0.37,2026-08-31,833,N20,VIIRS,l,2.0NRT,311.09,4.51,D,VIIRS_NOAA20_NRT,,
27.71156,68.48968,355.88,0.39,0.36,2026-08-31,835,N20,VIIRS,n,2.0NRT,310.97,16.14,D,VIIRS_NOAA20_NRT,,
27.71487,68.489,352.2,0.39,0.36,2026-08-31,835,N20,VIIRS,n,2.0NRT,311.55,16.01,D,VIIRS_NOAA20_NRT,,
28.42509,69.702,338.27,0.38,0.36,2026-08-31,835,N20,VIIRS,l,2.0NRT,309.15,3.55,D,VIIRS_NOAA20_NRT,,
29.2713,70.6321,333.19,0.4,0.37,2026-08-31,835,N20,VIIRS,l,2.0NRT,308.14,2.44,D,VIIRS_NOAA20_NRT,,
29.76927,72.40252,334.09,0.45,0.39,2026-08-31,835,N20,VIIRS,n,2.0NRT,303.52,3.68,D,VIIRS_NOAA20_NRT,,
31.37635,74.44994,338.11,0.39,0.44,2026-08-31,835,N20,VIIRS,n,2.0NRT,298.85,4.08,D,VIIRS_NOAA20_NRT,,
31.41202,74.55347,330.68,0.39,0.44,2026-08-31,835,N20,VIIRS,n,2.0NRT,299.58,1.49,D,VIIRS_NOAA20_NRT,,
31.46411,72.13901,335.09,0.45,0.39,2026-08-31,835,N20,VIIRS,n,2.0NRT,299.7,4.92,D,VIIRS_NOAA20_NRT,,
31.46708,72.13364,347.0,0.45,0.39,2026-08-31,835,N20,VIIRS,n,2.0NRT,299.65,11.41,D,VIIRS_NOAA20_NRT,,
31.47198,74.22855,332.0,0.57,0.43,2026-08-31,835,N20,VIIRS,n,2.0NRT,300.74,3.85,D,VIIRS_NOAA20_NRT,,
31.80262,73.7253,330.04,0.54,0.42,2026-08-31,835,N20,VIIRS,n,2.0NRT,297.09,3.75,D,VIIRS_NOAA20_NRT,,
7.47004,81.04136,346.12,0.47,0.48,2026-08-27,741,N,VIIRS,n,2.0NRT,296.41,9.14,D,VIIRS_SNPP_NRT,,
7.60005,81.70477,330.28,0.43,0.46,2026-08-27,741,N,VIIRS,n,2.0NRT,296.53,4.67,D,VIIRS_SNPP_NRT,,
7.62258,80.95859,334.5,0.48,0.48,2026-08-27,741,N,VIIRS,n,2.0NRT,291.98,1.45,D,VIIRS_SNPP_NRT,,
7.72983,79.9324,335.01,0.55,0.51,2026-08-27,741,N,VIIRS,n,2.0NRT,289.15,6.21,D,VIIRS_SNPP_NRT,,
7.93105,81.38248,331.54,0.44,0.46,2026-08-27,741,N,VIIRS,n,2.0NRT,299.2,3.19,D,VIIRS_SNPP_NRT,,
7.93113,81.2623,347.38,0.45,0.47,2026-08-27,741,N,VIIRS,n,2.0NRT,296.46,8.43,D,VIIRS_SNPP_NRT,,
7.93412,81.38229,340.78,0.44,0.46,2026-08-27,741,N,VIIRS,n,2.0NRT,299.88,4.3,D,VIIRS_SNPP_NRT,,
7.93437,81.33264,334.16,0.44,0.46,2026-08-27,741,N,VIIRS,n,2.0NRT,299.4,3.31,D,VIIRS_SNPP_NRT,,
8.07976,81.34676,341.29,0.44,0.46,2026-08-27,741,N,VIIRS,n,2.0NRT,297.32,3.62,D,VIIRS_SNPP_NRT,,
8.16389,81.33283,331.58,0.44,0.46,2026-08-27,741,N,VIIRS,n,2.0NRT,297.15,2.9,D,VIIRS_SNPP_NRT,,
8.18319,81.21323,333.47,0.45,0.47,2026-08-27,741,N,VIIRS,n,2.0NRT,297.42,4.85,D,VIIRS_SNPP_NRT,,
8.18388,81.21734,335.58,0.45,0.47,2026-08-27,741,N,VIIRS,n,2.0NRT,295.36,3.52,D,VIIRS_SNPP_NRT,,
8.18817,81.2166,332.07,0.45,0.47,2026-08-27,741,N,VIIRS,n,2.0NRT,296.28,2.87,D,VIIRS_SNPP_NRT,,
8.39403,81.18223,333.39,0.45,0.47,2026-08-27,741,N,VIIRS,n,2.0NRT,292.71,2.83,D,VIIRS_SNPP_NRT,,
8.49397,80.63341,341.23,0.48,0.48,2026-08-27,741,N,VIIRS,n,2.0NRT,292.78,4.77,D,VIIRS_SNPP_NRT,,
8.53706,77.95217,335.66,0.37,0.58,2026-08-27,744,N,VIIRS,n,2.0NRT,291.67,2.88,D,VIIRS_SNPP_NRT,,
8.53767,77.95551,330.37,0.37,0.58,2026-08-27,744,N,VIIRS,n,2.0NRT,291.3,2.88,D,VIIRS_SNPP_NRT,,
8.90006,80.48241,343.34,0.49,0.48,2026-08-27,744,N,VIIRS,n,2.0NRT,287.95,5.58,D,VIIRS_SNPP_NRT,,
8.92234,80.68958,340.84,0.47,0.48,2026-08-27,744,N,VIIRS,n,2.0NRT,287.91,5.85,D,VIIRS_SNPP_NRT,,
8.93558,77.80733,336.01,0.37,0.58,2026-08-27,744,N,VIIRS,n,2.0NRT,294.19,2.63,D,VIIRS_SNPP_NRT,,
9.13009,77.84245,341.07,0.36,0.58,2026-08-27,744,N,VIIRS,n,2.0NRT,296.5,4.92,D,VIIRS_SNPP_NRT,,
9.1307,77.84574,335.59,0.36,0.58,2026-08-27,744,N,VIIRS,n,2.0NRT,296.02,4.28,D,VIIRS_SNPP_NRT,,
9.13252,77.84334,338.51,0.36,0.58,2026-08-27,744,N,VIIRS,n,2.0NRT,296.56,3.68,D,VIIRS_SNPP_NRT,,
9.13851,80.74121,330.75,0.46,0.47,2026-08-27,744,N,VIIRS,n,2.0NRT,296.36,5.95,D,VIIRS_SNPP_NRT,,
9.20093,77.46384,331.96,0.38,0.59,2026-08-27,744,N,VIIRS,n,2.0NRT,295.68,1.61,D,VIIRS_SNPP_NRT,,
9.30457,78.81348,334.81,0.62,0.54,2026-08-27,744,N,VIIRS,n,2.0NRT,296.26,0.98,D,VIIRS_SNPP_NRT,,
9.30486,78.81577,336.81,0.62,0.54,2026-08-27,744,N,VIIRS,n,2.0NRT,296.38,6.54,D,VIIRS_SNPP_NRT,,
9.38627,80.50593,341.96,0.48,0.48,2026-08-27,744,N,VIIRS,n,2.0NRT,296.78,3.62,D,VIIRS_SNPP_NRT,,
9.4147,80.41617,330.97,0.48,0.48,2026-08-27,744,N,VIIRS,n,2.0NRT,295.31,2.19,D,VIIRS_SNPP_NRT,,
9.42552,80.37328,340.3,0.49,0.48,2026-08-27,744,N,VIIRS,n,2.0NRT,295.98,7.33,D,VIIRS_SNPP_NRT,,
9.45494,80.49021,344.21,0.48,0.48,2026-08-27,744,N,VIIRS,n,2.0NRT,295.5,5.54,D,VIIRS_SNPP_NRT,,
9.91843,77.93557,335.55,0.35,0.56,2026-08-27,744,N,VIIRS,n,2.0NRT,294.03,2.57,D,VIIRS_SNPP_NRT,,
9.9931,79.18903,333.06,0.57,0.52,2026-08-27,744,N,VIIRS,n,2.0NRT,295.75,1.7,D,VIIRS_SNPP_NRT,,
10.02469,78.36389,334.84,0.32,0.55,2026-08-27,744,N,VIIRS,n,2.0NRT,295.39,2.55,D,VIIRS_SNPP_NRT,,
10.28012,78.98431,339.64,0.58,0.52,2026-08-27,744,N,VIIRS,n,2.0NRT,296.95,7.07,D,VIIRS_SNPP_NRT,,
10.87787,77.24078,330.18,0.37,0.58,2026-08-27,744,N,VIIRS,n,2.0NRT,295.55,3.26,D,VIIRS_SNPP_NRT,,
10.99141,78.89906,338.6,0.57,0.52,2026-08-27,744,N,VIIRS,n,2.0NRT,298.76,10.52,D,VIIRS_SNPP_NRT,,
11.69187,79.39234,332.69,0.52,0.5,2026-08-27,744,N,VIIRS,n,2.0NRT,295.48,1.98,D,VIIRS_SNPP_NRT,,
12.19828,79.71751,331.74,0.48,0.48,2026-08-27,744,N,VIIRS,n,2.0NRT,293.89,2.89,D,VIIRS_SNPP_NRT,,
17.64342,74.69589,335.54,0.41,0.61,2026-08-27,746,N,VIIRS,n,2.0NRT,291.34,4.07,D,VIIRS_SNPP_NRT,,
20.78782,85.26209,335.01,0.39,0.36,2026-08-27,746,N,VIIRS,n,2.0NRT,289.15,1.55,D,VIIRS_SNPP_NRT,,
20.86458,84.98833,338.21,0.39,0.36,2026-08-27,746,N,VIIRS,n,2.0NRT,293.29,4.15,D,VIIRS_SNPP_NRT,,
20.884,84.98126,330.65,0.39,0.36,2026-08-27,746,N,VIIRS,n,2.0NRT,295.69,2.97,D,VIIRS_SNPP_NRT,,
26.63018,70.38756,336.05,0.49,0.65,2026-08-27,748,N,VIIRS,n,2.0NRT,299.79,4.07,D,VIIRS_SNPP_NRT,,
26.63397,70.38496,340.33,0.49,0.65,2026-08-27,748,N,VIIRS,n,2.0NRT,300.41,3.37,D,VIIRS_SNPP_NRT,,
27.26775,88.31142,332.2,0.4,0.44,2026-08-27,748,N,VIIRS,n,2.0NRT,278.62,4.19,D,VIIRS_SNPP_NRT,,
27.73219,68.73432,334.98,0.57,0.69,2026-08-27,748,N,VIIRS,n,2.0NRT,295.92,6.08,D,VIIRS_SNPP_NRT,,
29.47649,70.75252,330.8,0.4,0.6,2026-08-27,750,N,VIIRS,n,2.0NRT,299.04,2.16,D,VIIRS_SNPP_NRT,,
29.70477,72.60225,337.54,0.62,0.54,2026-08-27,750,N,VIIRS,n,2.0NRT,293.84,4.11,D,VIIRS_SNPP_NRT,,
30.60386,74.03584,337.14,0.49,0.48,2026-08-27,750,N,VIIRS,n,2.0NRT,298.61,3.14,D,VIIRS_SNPP_NRT,,
30.69802,74.17593,330.82,0.48,0.48,2026-08-27,750,N,VIIRS,l,2.0NRT,300.88,3.07,D,VIIRS_SNPP_NRT,,
31.39647,72.43313,330.38,0.58,0.52,2026-08-27,750,N,VIIRS,n,2.0NRT,298.4,5.73,D,VIIRS_SNPP_NRT,,
31.39734,72.43457,343.26,0.58,0.52,2026-08-27,750,N,VIIRS,n,2.0NRT,299.32,6.59,D,VIIRS_SNPP_NRT,,
31.39786,72.4391,334.97,0.58,0.52,2026-08-27,750,N,VIIRS,n,2.0NRT,299.15,5.73,D,VIIRS_SNPP_NRT,,
31.4112,72.16735,336.49,0.6,0.53,2026-08-27,750,N,VIIRS,n,2.0NRT,298.2,4.74,D,VIIRS_SNPP_NRT,,
31.45704,72.16631,341.89,0.6,0.53,2026-08-27,750,N,VIIRS,n,2.0NRT,298.62,8.53,D,VIIRS_SNPP_NRT,,
30.17446,72.42593,335.47,0.78,0.78,2026-08-27,930,N,VIIRS,n,2.0NRT,292.53,7.18,D,VIIRS_SNPP_NRT,,
30.17456,72.42779,331.62,0.78,0.78,2026-08-27,930,N,VIIRS,n,2.0NRT,292.92,8.86,D,VIIRS_SNPP_NRT,,
22.24742,87.38844,309.29,0.46,0.39,2026-08-27,2014,N,VIIRS,n,2.0NRT,285.15,1.81,N,VIIRS_SNPP_NRT,,
22.3576,87.29176,305.77,0.46,0.39,2026-08-27,2014,N,VIIRS,n,2.0NRT,285.89,1.78,N,VIIRS_SNPP_NRT,,
22.36518,87.3004,323.59,0.46,0.39,2026-08-27,2014,N,VIIRS,n,2.0NRT,287.19,3.88,N,VIIRS_SNPP_NRT,,
22.3763,87.27986,324.45,0.46,0.39,2026-08-27,2014,N,VIIRS,n,2.0NRT,287.22,3.31,N,VIIRS_SNPP_NRT,,
22.3771,87.27546,307.83,0.46,0.39,2026-08-27,2014,N,VIIRS,n,2.0NRT,286.36,1.49,N,VIIRS_SNPP_NRT,,
22.78921,86.19717,327.01,0.41,0.37,2026-08-27,2014,N,VIIRS,n,2.0NRT,278.39,3.24,N,VIIRS_SNPP_NRT,,
22.79055,86.20983,306.4,0.41,0.37,2026-08-27,2014,N,VIIRS,n,2.0NRT,278.4,1.08,N,VIIRS_SNPP_NRT,,
23.54881,87.24468,296.44,0.44,0.39,2026-08-27,2014,N,VIIRS,n,2.0NRT,266.9,0.54,N,VIIRS_SNPP_NRT,,
23.55232,87.24541,308.68,0.44,0.39,2026-08-27,2014,N,VIIRS,n,2.0NRT,275.15,0.54,N,VIIRS_SNPP_NRT,,
23.55659,87.24186,305.1,0.44,0.38,2026-08-27,2014,N,VIIRS,n,2.0NRT,278.17,1.94,N,VIIRS_SNPP_NRT,,
23.56009,87.24259,308.29,0.44,0.38,2026-08-27,2014,N,VIIRS,n,2.0NRT,278.93,1.94,N,VIIRS_SNPP_NRT,,
23.56085,87.2383,327.01,0.44,0.38,2026-08-27,2014,N,VIIRS,n,2.0NRT,278.76,1.94,N,VIIRS_SNPP_NRT,,
23.66214,87.15569,314.34,0.44,0.38,2026-08-27,2014,N,VIIRS,n,2.0NRT,274.6,2.08,N,VIIRS_SNPP_NRT,,
23.66489,87.16066,304.31,0.44,0.38,2026-08-27,2014,N,VIIRS,n,2.0NRT,275.89,0.75,N,VIIRS_SNPP_NRT,,
23.68629,87.12115,295.74,0.44,0.38,2026-08-27,2014,N,VIIRS,n,2.0NRT,261.37,0.41,N,VIIRS_SNPP_NRT,,
23.69652,85.29062,304.11,0.39,0.36,2026-08-27,2014,N,VIIRS,n,2.0NRT,279.36,0.74,N,VIIRS_SNPP_NRT,,
23.84105,85.30284,296.4,0.39,0.36,2026-08-27,2014,N,VIIRS,n,2.0NRT,270.04,0.35,N,VIIRS_SNPP_NRT,,
25.81079,88.8863,303.34,0.49,0.4,2026-08-27,2014,N,VIIRS,n,2.0NRT,286.07,3.4,N,VIIRS_SNPP_NRT,,
29.08417,88.0132,300.12,0.42,0.37,2026-08-27,2014,N,VIIRS,n,2.0NRT,280.25,1.48,N,VIIRS_SNPP_NRT,,
29.457,76.86609,334.4,0.61,0.53,2026-08-27,2014,N,VIIRS,n,2.0NRT,289.84,7.66,N,VIIRS_SNPP_NRT,,
29.90909,74.95557,306.55,0.4,0.6,2026-08-27,2014,N,VIIRS,n,2.0NRT,292.96,2.25,N,VIIRS_SNPP_NRT,,
29.9094,74.95135,321.57,0.4,0.6,2026-08-27,2014,N,VIIRS,n,2.0NRT,293.15,13.61,N,VIIRS_SNPP_NRT,,
29.90971,74.94712,350.51,0.4,0.6,2026-08-27,2014,N,VIIRS,n,2.0NRT,294.75,13.61,N,VIIRS_SNPP_NRT,,
29.91002,74.94289,346.19,0.4,0.6,2026-08-27,2014,N,VIIRS,n,2.0NRT,292.71,12.52,N,VIIRS_SNPP_NRT,,
29.91033,74.93867,305.44,0.4,0.6,2026-08-27,2014,N,VIIRS,n,2.0NRT,292.26,12.52,N,VIIRS_SNPP_NRT,,
29.91498,74.95193,306.17,0.4,0.6,2026-08-27,2014,N,VIIRS,n,2.0NRT,293.0,1.59,N,VIIRS_SNPP_NRT,,
29.91529,74.9477,308.09,0.4,0.6,2026-08-27,2014,N,VIIRS,n,2.0NRT,292.96,1.59,N,VIIRS_SNPP_NRT,,
8.99971,80.67416,308.64,0.38,0.36,2026-08-27,2017,N,VIIRS,n,2.0NRT,291.14,1.16,N,VIIRS_SNPP_NRT,,
9.49335,77.62408,304.15,0.47,0.4,2026-08-27,2017,N,VIIRS,n,2.0NRT,283.83,0.45,N,VIIRS_SNPP_NRT,,
9.49338,77.62221,302.0,0.47,0.4,2026-08-27,2017,N,VIIRS,n,2.0NRT,281.79,0.44,N,VIIRS_SNPP_NRT,,
10.14528,78.35623,306.72,0.44,0.38,2026-08-27,2017,N,VIIRS,n,2.0NRT,293.87,0.73,N,VIIRS_SNPP_NRT,,
11.10949,77.76649,309.44,0.48,0.4,2026-08-27,2017,N,VIIRS,n,2.0NRT,292.92,1.12,N,VIIRS_SNPP_NRT,,
11.17704,79.08945,307.88,0.42,0.38,2026-08-27,2017,N,VIIRS,n,2.0NRT,291.52,1.27,N,VIIRS_SNPP_NRT,,
11.18222,79.10208,304.71,0.42,0.38,2026-08-27,2017,N,VIIRS,n,2.0NRT,290.78,2.06,N,VIIRS_SNPP_NRT,,
11.26739,80.00417,312.59,0.4,0.37,2026-08-27,2017,N,VIIRS,n,2.0NRT,289.69,1.56,N,VIIRS_SNPP_NRT,,
11.81603,77.91864,320.62,0.48,0.4,2026-08-27,2017,N,VIIRS,n,2.0NRT,290.36,2.43,N,VIIRS_SNPP_NRT,,
11.81781,77.91653,311.73,0.48,0.4,2026-08-27,2017,N,VIIRS,n,2.0NRT,289.98,2.88,N,VIIRS_SNPP_NRT,,
15.84457,79.77414,312.68,0.44,0.38,2026-08-27,2017,N,VIIRS,n,2.0NRT,293.76,3.7,N,VIIRS_SNPP_NRT,,
15.99257,78.3996,304.82,0.51,0.41,2026-08-27,2017,N,VIIRS,n,2.0NRT,283.96,1.89,N,VIIRS_SNPP_NRT,,
16.54488,79.75774,307.31,0.44,0.39,2026-08-27,2017,N,VIIRS,n,2.0NRT,293.17,3.09,N,VIIRS_SNPP_NRT,,
17.46458,80.65409,319.97,0.42,0.37,2026-08-27,2017,N,VIIRS,n,2.0NRT,292.22,2.91,N,VIIRS_SNPP_NRT,,
17.95565,80.79626,317.3,0.42,0.37,2026-08-27,2017,N,VIIRS,n,2.0NRT,291.82,2.91,N,VIIRS_SNPP_NRT,,
17.95681,80.78843,308.3,0.42,0.37,2026-08-27,2017,N,VIIRS,n,2.0NRT,291.87,3.03,N,VIIRS_SNPP_NRT,,
21.10433,72.64272,305.89,0.45,0.63,2026-08-27,2017,N,VIIRS,n,2.0NRT,264.87,2.66,N,VIIRS_SNPP_NRT,,
22.38937,73.11508,295.06,0.43,0.62,2026-08-27,2017,N,VIIRS,n,2.0NRT,272.37,0.59,N,VIIRS_SNPP_NRT,,
6.85014,81.04932,295.85,0.39,0.36,2026-08-27,2019,N,VIIRS,n,2.0NRT,271.53,0.66,N,VIIRS_SNPP_NRT,,
6.8742,81.44757,306.05,0.39,0.36,2026-08-27,2019,N,VIIRS,n,2.0NRT,281.95,1.04,N,VIIRS_SNPP_NRT,,
7.3066,80.94781,306.31,0.39,0.36,2026-08-27,2019,N,VIIRS,n,2.0NRT,286.08,1.88,N,VIIRS_SNPP_NRT,,
7.30935,80.95189,304.57,0.39,0.36,2026-08-27,2019,N,VIIRS,n,2.0NRT,286.88,1.58,N,VIIRS_SNPP_NRT,,
7.30991,80.94836,325.87,0.39,0.36,2026-08-27,2019,N,VIIRS,n,2.0NRT,287.3,1.88,N,VIIRS_SNPP_NRT,,
7.31267,80.95242,316.66,0.39,0.36,2026-08-27,2019,N,VIIRS,n,2.0NRT,287.35,2.22,N,VIIRS_SNPP_NRT,,
7.31323,80.94892,332.47,0.39,0.36,2026-08-27,2019,N,VIIRS,n,2.0NRT,287.52,3.94,N,VIIRS_SNPP_NRT,,
8.30407,77.63763,313.44,0.46,0.39,2026-08-27,2019,N,VIIRS,n,2.0NRT,293.13,1.33,N,VIIRS_SNPP_NRT,,
8.30766,77.63818,310.18,0.46,0.39,2026-08-27,2019,N,VIIRS,n,2.0NRT,293.28,1.33,N,VIIRS_SNPP_NRT,,
8.40721,80.75729,303.08,0.38,0.36,2026-08-27,2019,N,VIIRS,n,2.0NRT,285.68,0.38,N,VIIRS_SNPP_NRT,,
8.41052,80.75783,302.76,0.38,0.36,2026-08-27,2019,N,VIIRS,n,2.0NRT,286.31,0.38,N,VIIRS_SNPP_NRT,,
13.39244,80.10186,316.57,0.41,0.37,2026-08-27,2019,N,VIIRS,n,2.0NRT,295.63,2.51,N,VIIRS_SNPP_NRT,,
13.70962,79.61949,310.51,0.42,0.38,2026-08-27,2019,N,VIIRS,n,2.0NRT,292.96,1.84,N,VIIRS_SNPP_NRT,,
13.82483,79.2569,309.05,0.44,0.38,2026-08-27,2019,N,VIIRS,n,2.0NRT,292.0,1.07,N,VIIRS_SNPP_NRT,,
15.02335,78.01398,308.39,0.52,0.41,2026-08-27,2019,N,VIIRS,n,2.0NRT,285.12,2.22,N,VIIRS_SNPP_NRT,,
15.07126,76.86606,302.03,0.4,0.44,2026-08-27,2019,N,VIIRS,n,2.0NRT,286.05,1.52,N,VIIRS_SNPP_NRT,,
15.17269,76.6937,297.01,0.41,0.45,2026-08-27,2019,N,VIIRS,n,2.0NRT,273.2,1.21,N,VIIRS_SNPP_NRT,,
15.17371,76.65434,309.23,0.42,0.45,2026-08-27,2019,N,VIIRS,n,2.0NRT,285.98,2.19,N,VIIRS_SNPP_NRT,,
15.17564,77.10123,299.95,0.39,0.44,2026-08-27,2019,N,VIIRS,n,2.0NRT,280.76,1.48,N,VIIRS_SNPP_NRT,,
15.33388,76.28443,306.14,0.44,0.46,2026-08-27,2019,N,VIIRS,n,2.0NRT,289.24,1.24,N,VIIRS_SNPP_NRT,,
15.33447,76.2467,304.65,0.44,0.46,2026-08-27,2019,N,VIIRS,n,2.0NRT,290.98,0.65,N,VIIRS_SNPP_NRT,,
28.42398,69.70206,310.73,0.32,0.55,2026-08-27,2153,N,VIIRS,n,2.0NRT,296.06,1.46,N,VIIRS_SNPP_NRT,,
32.88834,71.61575,316.14,0.33,0.55,2026-08-27,2153,N,VIIRS,n,2.0NRT,296.86,1.67,N,VIIRS_SNPP_NRT,,
33.29675,71.1889,308.48,0.61,0.53,2026-08-27,2153,N,VIIRS,n,2.0NRT,294.71,0.62,N,VIIRS_SNPP_NRT,,
33.80159,72.09836,307.55,0.33,0.55,2026-08-27,2153,N,VIIRS,n,2.0NRT,294.52,0.73,N,VIIRS_SNPP_NRT,,
29.47338,76.864,304.0,0.78,0.78,2026-08-27,2155,N,VIIRS,n,2.0NRT,286.48,2.54,N,VIIRS_SNPP_NRT,,
29.90638,74.95924,319.9,0.6,0.7,2026-08-27,2155,N,VIIRS,n,2.0NRT,292.24,19.52,N,VIIRS_SNPP_NRT,,
29.90671,74.9599,317.64,0.6,0.7,2026-08-27,2155,N,VIIRS,n,2.0NRT,292.12,15.44,N,VIIRS_SNPP_NRT,,
29.90808,74.95317,367.0,0.6,0.7,2026-08-27,2155,N,VIIRS,h,2.0NRT,294.32,14.38,N,VIIRS_SNPP_NRT,,
29.90838,74.95381,367.0,0.6,0.7,2026-08-27,2155,N,VIIRS,h,2.0NRT,294.14,15.44,N,VIIRS_SNPP_NRT,,
29.90978,74.9471,319.17,0.6,0.7,2026-08-27,2155,N,VIIRS,n,2.0NRT,292.2,14.38,N,VIIRS_SNPP_NRT,,
29.91005,74.94773,319.45,0.6,0.7,2026-08-27,2155,N,VIIRS,n,2.0NRT,292.36,28.69,N,VIIRS_SNPP_NRT,,
29.91436,74.95547,310.32,0.6,0.7,2026-08-27,2155,N,VIIRS,n,2.0NRT,292.87,14.38,N,VIIRS_SNPP_NRT,,
29.91466,74.95614,306.96,0.6,0.7,2026-08-27,2155,N,VIIRS,n,2.0NRT,293.04,15.44,N,VIIRS_SNPP_NRT,,
29.91607,74.94938,305.84,0.6,0.7,2026-08-27,2155,N,VIIRS,n,2.0NRT,292.75,14.38,N,VIIRS_SNPP_NRT,,
6.82944,81.44043,331.7,0.48,0.64,2026-08-28,724,N,VIIRS,n,2.0NRT,290.04,3.32,D,VIIRS_SNPP_NRT,,
6.8483,81.47719,341.48,0.47,0.64,2026-08-28,724,N,VIIRS,n,2.0NRT,291.08,8.93,D,VIIRS_SNPP_NRT,,
6.84907,81.48148,349.79,0.47,0.64,2026-08-28,724,N,VIIRS,n,2.0NRT,289.59,11.54,D,VIIRS_SNPP_NRT,,
7.12036,81.83202,340.52,0.44,0.63,2026-08-28,724,N,VIIRS,n,2.0NRT,290.97,7.49,D,VIIRS_SNPP_NRT,,
7.20586,81.80885,327.81,0.44,0.63,2026-08-28,724,N,VIIRS,n,2.0NRT,291.56,3.52,D,VIIRS_SNPP_NRT,,
8.57365,80.37617,329.17,0.52,0.67,2026-08-28,724,N,VIIRS,n,2.0NRT,282.05,3.95,D,VIIRS_SNPP_NRT,,
8.66278,81.14859,330.04,0.46,0.64,2026-08-28,724,N,VIIRS,n,2.0NRT,287.35,2.39,D,VIIRS_SNPP_NRT,,
8.71467,77.97586,332.45,0.75,0.77,2026-08-28,724,N,VIIRS,n,2.0NRT,291.91,6.6,D,VIIRS_SNPP_NRT,,
8.72573,80.74754,337.93,0.49,0.65,2026-08-28,724,N,VIIRS,n,2.0NRT,291.49,7.24,D,VIIRS_SNPP_NRT,,
8.72874,78.1054,335.79,0.73,0.76,2026-08-28,724,N,VIIRS,n,2.0NRT,291.61,9.62,D,VIIRS_SNPP_NRT,,
8.73258,78.10741,334.15,0.73,0.76,2026-08-28,724,N,VIIRS,n,2.0NRT,291.19,7.04,D,VIIRS_SNPP_NRT,,
8.97291,80.68935,336.86,0.49,0.65,2026-08-28,724,N,VIIRS,n,2.0NRT,287.05,7.29,D,VIIRS_SNPP_NRT,,
9.277,78.39668,334.35,0.69,0.74,2026-08-28,724,N,VIIRS,n,2.0NRT,290.53,6.4,D,VIIRS_SNPP_NRT,,
9.27714,78.39496,335.92,0.69,0.74,2026-08-28,724,N,VIIRS,n,2.0NRT,290.19,4.62,D,VIIRS_SNPP_NRT,,
14.49166,79.70969,339.76,0.45,0.63,2026-08-28,726,N,VIIRS,n,2.0NRT,297.46,6.57,D,VIIRS_SNPP_NRT,,
14.49187,79.7094,335.09,0.45,0.63,2026-08-28,726,N,VIIRS,n,2.0NRT,297.62,5.47,D,VIIRS_SNPP_NRT,,
14.75162,79.71841,330.88,0.45,0.63,2026-08-28,726,N,VIIRS,n,2.0NRT,293.97,2.94,D,VIIRS_SNPP_NRT,,
15.02867,79.75406,334.11,0.44,0.62,2026-08-28,726,N,VIIRS,n,2.0NRT,296.17,2.51,D,VIIRS_SNPP_NRT,,
15.63637,79.58625,330.26,0.44,0.62,2026-08-28,726,N,VIIRS,n,2.0NRT,295.72,4.78,D,VIIRS_SNPP_NRT,,
15.76769,79.49413,331.28,0.44,0.62,2026-08-28,726,N,VIIRS,n,2.0NRT,292.63,3.29,D,VIIRS_SNPP_NRT,,
21.74797,83.84405,332.09,0.55,0.43,2026-08-28,729,N,VIIRS,n,2.0NRT,289.1,4.65,D,VIIRS_SNPP_NRT,,
22.36216,87.01751,332.41,0.4,0.37,2026-08-28,729,N,VIIRS,n,2.0NRT,295.92,4.8,D,VIIRS_SNPP_NRT,,
22.377,87.2805,341.05,0.4,0.37,2026-08-28,729,N,VIIRS,n,2.0NRT,291.28,7.49,D,VIIRS_SNPP_NRT,,
26.60799,90.33498,336.49,0.43,0.38,2026-08-28,729,N,VIIRS,n,2.0NRT,289.46,5.57,D,VIIRS_SNPP_NRT,,
28.31779,95.1801,329.86,0.54,0.51,2026-08-28,729,N,VIIRS,n,2.0NRT,290.37,4.86,D,VIIRS_SNPP_NRT,,
29.08413,88.01273,331.12,0.39,0.36,2026-08-28,731,N,VIIRS,l,2.0NRT,304.21,2.79,D,VIIRS_SNPP_NRT,,
29.13515,89.25123,330.31,0.42,0.38,2026-08-28,731,N,VIIRS,l,2.0NRT,305.02,3.97,D,VIIRS_SNPP_NRT,,
9.27846,78.39858,336.74,0.57,0.69,2026-08-28,905,N,VIIRS,n,2.0NRT,293.77,6.18,D,VIIRS_SNPP_NRT,,
9.33079,77.52433,334.37,0.5,0.66,2026-08-28,905,N,VIIRS,n,2.0NRT,297.58,4.97,D,VIIRS_SNPP_NRT,,
9.33131,77.52667,334.29,0.5,0.66,2026-08-28,905,N,VIIRS,n,2.0NRT,297.26,1.72,D,VIIRS_SNPP_NRT,,
9.4159,77.509,332.41,0.5,0.66,2026-08-28,905,N,VIIRS,n,2.0NRT,296.85,1.46,D,VIIRS_SNPP_NRT,,
9.41621,77.50993,334.29,0.5,0.66,2026-08-28,905,N,VIIRS,n,2.0NRT,297.25,2.78,D,VIIRS_SNPP_NRT,,
22.92944,70.106,336.34,0.49,0.48,2026-08-28,907,N,VIIRS,n,2.0NRT,295.78,4.39,D,VIIRS_SNPP_NRT,,
24.84141,68.06506,342.24,0.39,0.44,2026-08-28,909,N,VIIRS,n,2.0NRT,304.84,3.72,D,VIIRS_SNPP_NRT,,
25.9428,72.19143,351.1,0.36,0.57,2026-08-28,909,N,VIIRS,n,2.0NRT,296.52,18.43,D,VIIRS_SNPP_NRT,,
25.94312,72.19508,367.0,0.36,0.57,2026-08-28,909,N,VIIRS,h,2.0NRT,302.25,21.83,D,VIIRS_SNPP_NRT,,
25.94344,72.1987,330.75,0.36,0.57,2026-08-28,909,N,VIIRS,n,2.0NRT,298.95,21.83,D,VIIRS_SNPP_NRT,,
29.27192,71.18018,356.76,0.34,0.56,2026-08-28,909,N,VIIRS,n,2.0NRT,299.7,4.02,D,VIIRS_SNPP_NRT,,
29.27299,71.17931,347.95,0.34,0.56,2026-08-28,909,N,VIIRS,n,2.0NRT,299.55,3.38,D,VIIRS_SNPP_NRT,,
36.74481,95.23365,311.03,0.42,0.37,2026-08-28,1951,N,VIIRS,n,2.0NRT,290.98,2.22,N,VIIRS_SNPP_NRT,,
36.74516,95.23571,306.78,0.42,0.37,2026-08-28,1951,N,VIIRS,n,2.0NRT,290.36,1.69,N,VIIRS_SNPP_NRT,,
27.32473,95.27738,308.91,0.56,0.43,2026-08-28,1953,N,VIIRS,n,2.0NRT,289.97,0.89,N,VIIRS_SNPP_NRT,,
27.326,95.27651,309.19,0.56,0.43,2026-08-28,1953,N,VIIRS,n,2.0NRT,290.24,0.92,N,VIIRS_SNPP_NRT,,
27.37818,95.33735,310.91,0.56,0.43,2026-08-28,1953,N,VIIRS,n,2.0NRT,290.26,2.81,N,VIIRS_SNPP_NRT,,
27.37928,95.33176,306.89,0.56,0.43,2026-08-28,1953,N,VIIRS,n,2.0NRT,289.99,3.02,N,VIIRS_SNPP_NRT,,
24.11609,86.8623,299.6,0.42,0.38,2026-08-28,1955,N,VIIRS,n,2.0NRT,273.16,1.75,N,VIIRS_SNPP_NRT,,
24.11668,86.85818,299.08,0.42,0.38,2026-08-28,1955,N,VIIRS,n,2.0NRT,270.26,1.25,N,VIIRS_SNPP_NRT,,
13.71205,79.61907,307.18,0.52,0.5,2026-08-28,1957,N,VIIRS,n,2.0NRT,290.35,2.67,N,VIIRS_SNPP_NRT,,
15.17497,77.10068,306.28,0.4,0.6,2026-08-28,1957,N,VIIRS,n,2.0NRT,288.41,0.83,N,VIIRS_SNPP_NRT,,
15.17508,76.67622,297.14,0.43,0.62,2026-08-28,1957,N,VIIRS,n,2.0NRT,282.33,0.95,N,VIIRS_SNPP_NRT,,
15.17742,76.65607,302.89,0.43,0.62,2026-08-28,1957,N,VIIRS,n,2.0NRT,286.94,2.55,N,VIIRS_SNPP_NRT,,
15.17891,76.65431,302.81,0.43,0.62,2026-08-28,1957,N,VIIRS,n,2.0NRT,286.99,1.76,N,VIIRS_SNPP_NRT,,
15.18081,76.67679,307.26,0.43,0.62,2026-08-28,1957,N,VIIRS,n,2.0NRT,285.14,1.49,N,VIIRS_SNPP_NRT,,
15.18128,76.67277,310.62,0.43,0.62,2026-08-28,1957,N,VIIRS,n,2.0NRT,286.51,2.0,N,VIIRS_SNPP_NRT,,
15.18174,76.66875,301.69,0.43,0.62,2026-08-28,1957,N,VIIRS,n,2.0NRT,286.44,2.0,N,VIIRS_SNPP_NRT,,
15.18244,76.67507,315.47,0.43,0.62,2026-08-28,1957,N,VIIRS,n,2.0NRT,286.94,2.9,N,VIIRS_SNPP_NRT,,
15.18288,76.67104,302.34,0.43,0.62,2026-08-28,1957,N,VIIRS,n,2.0NRT,287.09,1.48,N,VIIRS_SNPP_NRT,,
15.18332,76.66703,307.26,0.43,0.62,2026-08-28,1957,N,VIIRS,n,2.0NRT,287.05,1.48,N,VIIRS_SNPP_NRT,,
15.18653,76.67741,301.38,0.43,0.62,2026-08-28,1957,N,VIIRS,n,2.0NRT,286.17,1.49,N,VIIRS_SNPP_NRT,,
15.65942,73.98846,301.95,0.65,0.73,2026-08-28,1957,N,VIIRS,n,2.0NRT,285.04,0.75,N,VIIRS_SNPP_NRT,,
15.66104,73.9874,299.07,0.65,0.73,2026-08-28,1957,N,VIIRS,n,2.0NRT,285.44,0.86,N,VIIRS_SNPP_NRT,,
17.46277,80.65205,305.23,0.5,0.49,2026-08-28,1957,N,VIIRS,n,2.0NRT,287.76,2.54,N,VIIRS_SNPP_NRT,,
17.46345,80.65358,305.28,0.5,0.49,2026-08-28,1957,N,VIIRS,n,2.0NRT,287.2,1.06,N,VIIRS_SNPP_NRT,,
17.95635,80.79659,310.34,0.49,0.49,2026-08-28,1957,N,VIIRS,n,2.0NRT,286.49,1.61,N,VIIRS_SNPP_NRT,,
6.81137,80.87222,303.74,0.52,0.42,2026-08-28,2000,N,VIIRS,n,2.0NRT,282.5,3.98,N,VIIRS_SNPP_NRT,,
6.81319,80.87464,314.97,0.53,0.42,2026-08-28,2000,N,VIIRS,n,2.0NRT,284.96,3.37,N,VIIRS_SNPP_NRT,,
6.81385,80.87016,325.37,0.53,0.42,2026-08-28,2000,N,VIIRS,n,2.0NRT,283.06,3.37,N,VIIRS_SNPP_NRT,,
6.81518,80.87301,337.37,0.52,0.42,2026-08-28,2000,N,VIIRS,n,2.0NRT,286.53,3.98,N,VIIRS_SNPP_NRT,,
6.817,80.87542,303.83,0.53,0.42,2026-08-28,2000,N,VIIRS,n,2.0NRT,283.86,0.96,N,VIIRS_SNPP_NRT,,
6.81763,80.87114,310.41,0.53,0.42,2026-08-28,2000,N,VIIRS,n,2.0NRT,284.4,0.96,N,VIIRS_SNPP_NRT,,
6.86092,81.53809,305.96,0.48,0.4,2026-08-28,2000,N,VIIRS,n,2.0NRT,290.81,1.08,N,VIIRS_SNPP_NRT,,
7.8021,80.47414,305.84,0.57,0.43,2026-08-28,2000,N,VIIRS,n,2.0NRT,290.75,1.63,N,VIIRS_SNPP_NRT,,
8.11868,80.81451,303.83,0.55,0.43,2026-08-28,2000,N,VIIRS,n,2.0NRT,290.23,2.69,N,VIIRS_SNPP_NRT,,
8.11915,80.81272,304.91,0.55,0.43,2026-08-28,2000,N,VIIRS,n,2.0NRT,290.01,1.65,N,VIIRS_SNPP_NRT,,
8.1194,80.80952,307.31,0.55,0.43,2026-08-28,2000,N,VIIRS,n,2.0NRT,289.69,1.75,N,VIIRS_SNPP_NRT,,
8.1199,80.80773,309.11,0.55,0.43,2026-08-28,2000,N,VIIRS,n,2.0NRT,290.57,1.65,N,VIIRS_SNPP_NRT,,
8.12011,80.80454,304.51,0.55,0.43,2026-08-28,2000,N,VIIRS,n,2.0NRT,291.61,1.75,N,VIIRS_SNPP_NRT,,
8.12065,80.80275,305.22,0.55,0.43,2026-08-28,2000,N,VIIRS,n,2.0NRT,292.45,2.23,N,VIIRS_SNPP_NRT,,
8.12404,80.80512,309.4,0.55,0.43,2026-08-28,2000,N,VIIRS,n,2.0NRT,292.18,1.75,N,VIIRS_SNPP_NRT,,
10.61728,77.41994,301.09,0.33,0.55,2026-08-28,2000,N,VIIRS,n,2.0NRT,284.85,0.23,N,VIIRS_SNPP_NRT,,
30.47519,76.58662,304.01,0.38,0.59,2026-08-28,2133,N,VIIRS,n,2.0NRT,288.36,0.86,N,VIIRS_SNPP_NRT,,
31.76995,70.11077,309.2,0.49,0.4,2026-08-28,2133,N,VIIRS,n,2.0NRT,297.18,2.36,N,VIIRS_SNPP_NRT,,
32.29657,74.31654,307.16,0.52,0.5,2026-08-28,2133,N,VIIRS,n,2.0NRT,292.56,2.54,N,VIIRS_SNPP_NRT,,
32.64531,72.97565,307.22,0.43,0.46,2026-08-28,2133,N,VIIRS,n,2.0NRT,295.31,1.63,N,VIIRS_SNPP_NRT,,
32.88881,71.6145,315.56,0.55,0.42,2026-08-28,2133,N,VIIRS,n,2.0NRT,296.37,4.89,N,VIIRS_SNPP_NRT,,
33.23443,71.51507,309.83,0.53,0.42,2026-08-28,2133,N,VIIRS,n,2.0NRT,294.83,2.87,N,VIIRS_SNPP_NRT,,
33.24416,71.29903,315.28,0.52,0.42,2026-08-28,2133,N,VIIRS,n,2.0NRT,295.52,4.38,N,VIIRS_SNPP_NRT,,
33.29671,71.18774,310.92,0.51,0.41,2026-08-28,2133,N,VIIRS,n,2.0NRT,295.41,3.28,N,VIIRS_SNPP_NRT,,
34.84531,73.12538,298.62,0.4,0.44,2026-08-28,2133,N,VIIRS,n,2.0NRT,286.73,1.3,N,VIIRS_SNPP_NRT,,
24.66053,74.63365,302.81,0.4,0.6,2026-08-28,2136,N,VIIRS,n,2.0NRT,289.45,1.34,N,VIIRS_SNPP_NRT,,
25.94091,72.19165,311.26,0.53,0.5,2026-08-28,2136,N,VIIRS,n,2.0NRT,294.86,2.14,N,VIIRS_SNPP_NRT,,
28.42477,69.69869,313.81,0.52,0.42,2026-08-28,2136,N,VIIRS,n,2.0NRT,298.24,1.06,N,VIIRS_SNPP_NRT,,
28.42534,69.70181,313.98,0.52,0.42,2026-08-28,2136,N,VIIRS,n,2.0NRT,298.29,1.63,N,VIIRS_SNPP_NRT,,
20.9107,71.46196,305.7,0.6,0.53,2026-08-28,2138,N,VIIRS,n,2.0NRT,292.17,2.89,N,VIIRS_SNPP_NRT,,
21.10043,72.63733,305.36,0.35,0.57,2026-08-28,2138,N,VIIRS,n,2.0NRT,289.84,1.2,N,VIIRS_SNPP_NRT,,
21.1034,72.64882,301.14,0.35,0.57,2026-08-28,2138,N,VIIRS,n,2.0NRT,288.98,0.74,N,VIIRS_SNPP_NRT,,
22.37586,87.27822,331.92,0.43,0.46,2026-08-29,707,N,VIIRS,n,2.0NRT,292.02,4.74,D,VIIRS_SNPP_NRT,,
22.37665,87.28234,332.05,0.43,0.46,2026-08-29,707,N,VIIRS,n,2.0NRT,292.39,4.74,D,VIIRS_SNPP_NRT,,
23.74449,90.5308,337.63,0.43,0.38,2026-08-29,707,N,VIIRS,l,2.0NRT,295.91,3.85,D,VIIRS_SNPP_NRT,,
23.55899,87.24026,330.62,0.41,0.45,2026-08-29,709,N,VIIRS,n,2.0NRT,290.41,2.57,D,VIIRS_SNPP_NRT,,
24.08363,90.3568,330.71,0.43,0.38,2026-08-29,709,N,VIIRS,l,2.0NRT,294.95,6.46,D,VIIRS_SNPP_NRT,,
28.10045,95.53236,330.43,0.47,0.39,2026-08-29,709,N,VIIRS,n,2.0NRT,294.85,2.14,D,VIIRS_SNPP_NRT,,
29.23654,88.87944,329.58,0.43,0.38,2026-08-29,709,N,VIIRS,n,2.0NRT,294.29,2.4,D,VIIRS_SNPP_NRT,,
31.65704,78.40268,329.09,0.46,0.63,2026-08-29,712,N,VIIRS,l,2.0NRT,303.31,4.03,D,VIIRS_SNPP_NRT,,
7.52567,81.08916,339.17,0.39,0.59,2026-08-29,845,N,VIIRS,n,2.0NRT,268.01,8.15,D,VIIRS_SNPP_NRT,,
8.57969,77.66151,339.99,0.48,0.48,2026-08-29,845,N,VIIRS,n,2.0NRT,295.44,3.72,D,VIIRS_SNPP_NRT,,
8.60485,77.9724,339.73,0.5,0.49,2026-08-29,845,N,VIIRS,n,2.0NRT,288.68,3.44,D,VIIRS_SNPP_NRT,,
8.60874,77.96722,336.02,0.5,0.49,2026-08-29,845,N,VIIRS,n,2.0NRT,287.79,2.7,D,VIIRS_SNPP_NRT,,
8.64795,77.83846,336.15,0.49,0.49,2026-08-29,845,N,VIIRS,n,2.0NRT,293.65,2.82,D,VIIRS_SNPP_NRT,,
8.65245,77.83784,330.16,0.49,0.49,2026-08-29,845,N,VIIRS,n,2.0NRT,291.93,1.92,D,VIIRS_SNPP_NRT,,
8.74677,78.08665,332.55,0.51,0.49,2026-08-29,845,N,VIIRS,n,2.0NRT,287.41,2.69,D,VIIRS_SNPP_NRT,,
9.38294,80.44886,345.5,0.38,0.58,2026-08-29,845,N,VIIRS,n,2.0NRT,283.23,5.38,D,VIIRS_SNPP_NRT,,
9.38339,80.4523,329.01,0.38,0.58,2026-08-29,845,N,VIIRS,n,2.0NRT,282.56,4.82,D,VIIRS_SNPP_NRT,,
9.41203,80.44762,328.29,0.38,0.59,2026-08-29,845,N,VIIRS,n,2.0NRT,287.77,3.19,D,VIIRS_SNPP_NRT,,
9.41747,80.44695,343.39,0.38,0.59,2026-08-29,845,N,VIIRS,n,2.0NRT,286.81,3.19,D,VIIRS_SNPP_NRT,,
9.50563,77.60714,335.3,0.49,0.48,2026-08-29,845,N,VIIRS,n,2.0NRT,295.79,4.45,D,VIIRS_SNPP_NRT,,
10.93459,78.47301,337.47,0.58,0.52,2026-08-29,845,N,VIIRS,n,2.0NRT,299.46,5.59,D,VIIRS_SNPP_NRT,,
11.74922,79.71774,333.73,0.36,0.58,2026-08-29,845,N,VIIRS,n,2.0NRT,294.78,2.57,D,VIIRS_SNPP_NRT,,
11.83292,79.64937,332.56,0.36,0.57,2026-08-29,845,N,VIIRS,n,2.0NRT,295.44,2.65,D,VIIRS_SNPP_NRT,,
12.17967,79.73842,344.66,0.37,0.58,2026-08-29,845,N,VIIRS,n,2.0NRT,295.14,7.67,D,VIIRS_SNPP_NRT,,
13.51015,78.18242,335.03,0.6,0.53,2026-08-29,848,N,VIIRS,n,2.0NRT,295.74,6.93,D,VIIRS_SNPP_NRT,,
14.14709,77.40031,330.17,0.55,0.51,2026-08-29,848,N,VIIRS,n,2.0NRT,296.0,1.36,D,VIIRS_SNPP_NRT,,
14.20221,79.16484,336.34,0.36,0.57,2026-08-29,848,N,VIIRS,n,2.0NRT,292.66,2.54,D,VIIRS_SNPP_NRT,,
14.78831,79.94443,332.64,0.41,0.61,2026-08-29,848,N,VIIRS,n,2.0NRT,290.36,6.21,D,VIIRS_SNPP_NRT,,
15.46434,80.16425,349.37,0.43,0.62,2026-08-29,848,N,VIIRS,n,2.0NRT,293.78,5.8,D,VIIRS_SNPP_NRT,,
15.47011,80.16361,333.26,0.43,0.62,2026-08-29,848,N,VIIRS,n,2.0NRT,289.99,5.8,D,VIIRS_SNPP_NRT,,
16.22416,80.35689,334.08,0.46,0.63,2026-08-29,848,N,VIIRS,n,2.0NRT,290.07,3.15,D,VIIRS_SNPP_NRT,,
16.34823,78.444,337.73,0.34,0.56,2026-08-29,848,N,VIIRS,n,2.0NRT,290.62,3.06,D,VIIRS_SNPP_NRT,,
24.95683,68.29113,330.06,0.39,0.36,2026-08-29,850,N,VIIRS,l,2.0NRT,304.65,2.12,D,VIIRS_SNPP_NRT,,
25.38717,68.58321,337.92,0.4,0.37,2026-08-29,850,N,VIIRS,n,2.0NRT,305.66,2.16,D,VIIRS_SNPP_NRT,,
27.31574,72.3643,338.67,0.39,0.44,2026-08-29,852,N,VIIRS,n,2.0NRT,308.58,3.5,D,VIIRS_SNPP_NRT,,
27.62484,69.46795,340.88,0.43,0.38,2026-08-29,852,N,VIIRS,l,2.0NRT,312.95,10.69,D,VIIRS_SNPP_NRT,,
27.62835,69.46737,343.7,0.43,0.38,2026-08-29,852,N,VIIRS,l,2.0NRT,314.95,11.26,D,VIIRS_SNPP_NRT,,
27.75767,68.69473,344.79,0.41,0.37,2026-08-29,852,N,VIIRS,n,2.0NRT,309.26,20.55,D,VIIRS_SNPP_NRT,,
29.90926,74.9532,331.09,0.6,0.53,2026-08-29,852,N,VIIRS,n,2.0NRT,299.09,6.53,D,VIIRS_SNPP_NRT,,
30.46343,71.93924,331.01,0.41,0.45,2026-08-29,852,N,VIIRS,n,2.0NRT,301.48,2.04,D,VIIRS_SNPP_NRT,,
31.50933,72.26437,341.2,0.43,0.46,2026-08-29,852,N,VIIRS,n,2.0NRT,299.64,4.54,D,VIIRS_SNPP_NRT,,
31.93829,72.37972,336.33,0.45,0.47,2026-08-29,852,N,VIIRS,n,2.0NRT,301.26,3.06,D,VIIRS_SNPP_NRT,,
32.88894,71.61886,332.63,0.42,0.45,2026-08-29,852,N,VIIRS,l,2.0NRT,303.58,2.94,D,VIIRS_SNPP_NRT,,
27.22117,95.34689,312.89,0.39,0.36,2026-08-29,1936,N,VIIRS,n,2.0NRT,291.18,1.76,N,VIIRS_SNPP_NRT,,
27.37603,95.33333,305.91,0.39,0.36,2026-08-29,1936,N,VIIRS,n,2.0NRT,282.11,1.99,N,VIIRS_SNPP_NRT,,
27.37836,95.08643,306.1,0.38,0.36,2026-08-29,1936,N,VIIRS,n,2.0NRT,288.98,2.62,N,VIIRS_SNPP_NRT,,
27.37933,95.33401,331.37,0.39,0.36,2026-08-29,1936,N,VIIRS,n,2.0NRT,282.55,1.99,N,VIIRS_SNPP_NRT,,
27.47018,95.42361,307.94,0.39,0.36,2026-08-29,1936,N,VIIRS,n,2.0NRT,289.54,1.89,N,VIIRS_SNPP_NRT,,
21.59176,96.22928,301.52,0.44,0.39,2026-08-29,1938,N,VIIRS,n,2.0NRT,279.03,0.81,N,VIIRS_SNPP_NRT,,
22.36034,87.01775,301.87,0.46,0.47,2026-08-29,1938,N,VIIRS,n,2.0NRT,276.38,0.63,N,VIIRS_SNPP_NRT,,
22.36468,87.01837,303.34,0.46,0.47,2026-08-29,1938,N,VIIRS,n,2.0NRT,275.56,0.63,N,VIIRS_SNPP_NRT,,
22.36584,87.30197,304.37,0.44,0.46,2026-08-29,1938,N,VIIRS,n,2.0NRT,263.27,0.61,N,VIIRS_SNPP_NRT,,
22.37698,87.28178,298.14,0.44,0.46,2026-08-29,1938,N,VIIRS,n,2.0NRT,260.23,0.46,N,VIIRS_SNPP_NRT,,
22.37749,87.27749,301.79,0.44,0.46,2026-08-29,1938,N,VIIRS,n,2.0NRT,261.04,0.46,N,VIIRS_SNPP_NRT,,
9.75551,77.517,308.74,0.66,0.73,2026-08-29,1940,N,VIIRS,n,2.0NRT,282.3,1.86,N,VIIRS_SNPP_NRT,,
9.75605,77.51919,313.12,0.66,0.73,2026-08-29,1940,N,VIIRS,n,2.0NRT,282.92,1.18,N,VIIRS_SNPP_NRT,,
10.93793,78.46664,321.14,0.59,0.7,2026-08-29,1940,N,VIIRS,n,2.0NRT,278.39,1.99,N,VIIRS_SNPP_NRT,,
10.94446,78.46751,302.27,0.59,0.7,2026-08-29,1940,N,VIIRS,n,2.0NRT,277.97,1.99,N,VIIRS_SNPP_NRT,,
7.43697,81.32012,295.42,0.34,0.56,2026-08-29,1942,N,VIIRS,n,2.0NRT,262.31,0.33,N,VIIRS_SNPP_NRT,,
35.22365,72.93259,298.49,0.39,0.36,2026-08-29,2114,N,VIIRS,n,2.0NRT,284.43,0.66,N,VIIRS_SNPP_NRT,,
26.8731,73.51817,306.91,0.5,0.41,2026-08-29,2116,N,VIIRS,n,2.0NRT,290.25,1.12,N,VIIRS_SNPP_NRT,,
26.87508,73.5155,307.67,0.5,0.41,2026-08-29,2116,N,VIIRS,n,2.0NRT,290.4,1.58,N,VIIRS_SNPP_NRT,,
28.37428,77.22549,303.85,0.49,0.49,2026-08-29,2116,N,VIIRS,n,2.0NRT,273.19,1.03,N,VIIRS_SNPP_NRT,,
28.42461,69.70064,327.1,0.38,0.36,2026-08-29,2116,N,VIIRS,n,2.0NRT,298.11,1.83,N,VIIRS_SNPP_NRT,,
29.12339,75.77961,313.16,0.4,0.44,2026-08-29,2116,N,VIIRS,n,2.0NRT,288.46,1.65,N,VIIRS_SNPP_NRT,,
29.45932,76.89091,330.32,0.45,0.47,2026-08-29,2116,N,VIIRS,n,2.0NRT,274.43,4.63,N,VIIRS_SNPP_NRT,,
31.76838,70.1084,314.19,0.39,0.36,2026-08-29,2116,N,VIIRS,n,2.0NRT,297.61,2.61,N,VIIRS_SNPP_NRT,,
32.08598,74.16589,308.49,0.45,0.39,2026-08-29,2116,N,VIIRS,n,2.0NRT,295.49,0.84,N,VIIRS_SNPP_NRT,,
32.08685,74.16118,310.53,0.45,0.39,2026-08-29,2116,N,VIIRS,n,2.0NRT,295.5,0.89,N,VIIRS_SNPP_NRT,,
32.29058,70.73904,314.07,0.38,0.36,2026-08-29,2116,N,VIIRS,n,2.0NRT,298.8,3.05,N,VIIRS_SNPP_NRT,,
32.57529,72.56393,313.33,0.4,0.37,2026-08-29,2116,N,VIIRS,n,2.0NRT,296.49,2.59,N,VIIRS_SNPP_NRT,,
33.23603,71.51531,310.32,0.39,0.36,2026-08-29,2116,N,VIIRS,n,2.0NRT,294.86,1.67,N,VIIRS_SNPP_NRT,,
33.40789,71.94046,309.3,0.39,0.36,2026-08-29,2116,N,VIIRS,n,2.0NRT,295.7,2.04,N,VIIRS_SNPP_NRT,,
33.54621,71.55232,307.93,0.38,0.36,2026-08-29,2116,N,VIIRS,n,2.0NRT,294.71,0.76,N,VIIRS_SNPP_NRT,,
20.86841,71.39706,303.07,0.48,0.4,2026-08-29,2118,N,VIIRS,n,2.0NRT,292.83,2.52,N,VIIRS_SNPP_NRT,,
24.66208,74.63699,297.67,0.41,0.45,2026-08-29,2118,N,VIIRS,n,2.0NRT,277.18,0.36,N,VIIRS_SNPP_NRT,,
24.66288,74.63297,297.52,0.41,0.45,2026-08-29,2118,N,VIIRS,n,2.0NRT,277.29,0.45,N,VIIRS_SNPP_NRT,,
24.69089,73.00126,300.42,0.5,0.41,2026-08-29,2118,N,VIIRS,n,2.0NRT,281.62,0.74,N,VIIRS_SNPP_NRT,,
24.82164,73.09422,296.48,0.51,0.41,2026-08-29,2118,N,VIIRS,n,2.0NRT,276.77,0.53,N,VIIRS_SNPP_NRT,,
25.94332,72.19199,305.54,0.45,0.39,2026-08-29,2118,N,VIIRS,n,2.0NRT,291.65,0.98,N,VIIRS_SNPP_NRT,,
12.07226,78.52171,302.25,0.63,0.72,2026-08-29,2121,N,VIIRS,n,2.0NRT,284.22,1.07,N,VIIRS_SNPP_NRT,,
12.49513,76.73359,298.77,0.47,0.64,2026-08-29,2121,N,VIIRS,n,2.0NRT,284.16,0.38,N,VIIRS_SNPP_NRT,,
13.03323,77.87466,295.27,0.55,0.68,2026-08-29,2121,N,VIIRS,n,2.0NRT,280.63,0.36,N,VIIRS_SNPP_NRT,,
18.68072,73.03546,301.74,0.42,0.45,2026-08-29,2121,N,VIIRS,n,2.0NRT,286.59,1.16,N,VIIRS_SNPP_NRT,,
18.68258,73.03453,301.67,0.42,0.45,2026-08-29,2121,N,VIIRS,n,2.0NRT,288.88,1.27,N,VIIRS_SNPP_NRT,,
18.68334,73.03059,312.61,0.42,0.45,2026-08-29,2121,N,VIIRS,n,2.0NRT,289.26,1.66,N,VIIRS_SNPP_NRT,,
18.68747,73.03146,301.4,0.42,0.45,2026-08-29,2121,N,VIIRS,n,2.0NRT,287.56,1.66,N,VIIRS_SNPP_NRT,,
18.77881,73.74908,300.74,0.46,0.47,2026-08-29,2121,N,VIIRS,n,2.0NRT,286.8,0.99,N,VIIRS_SNPP_NRT,,
9.75523,77.51794,313.52,0.6,0.7,2026-08-29,2123,N,VIIRS,n,2.0NRT,288.15,2.38,N,VIIRS_SNPP_NRT,,
10.94256,78.46865,309.17,0.65,0.73,2026-08-29,2123,N,VIIRS,n,2.0NRT,288.02,2.26,N,VIIRS_SNPP_NRT,,
27.98973,94.2222,336.75,0.42,0.38,2026-08-30,652,N,VIIRS,n,2.0NRT,297.24,18.02,D,VIIRS_SNPP_NRT,,
29.55473,90.99751,325.18,0.55,0.43,2026-08-30,652,N,VIIRS,l,2.0NRT,296.37,4.5,D,VIIRS_SNPP_NRT,,
29.55749,90.99095,328.38,0.55,0.43,2026-08-30,652,N,VIIRS,n,2.0NRT,290.57,5.61,D,VIIRS_SNPP_NRT,,
29.65337,90.98225,327.32,0.55,0.43,2026-08-30,652,N,VIIRS,n,2.0NRT,292.56,3.42,D,VIIRS_SNPP_NRT,,
6.24721,80.86079,335.72,0.53,0.42,2026-08-30,826,N,VIIRS,n,2.0NRT,299.28,2.37,D,VIIRS_SNPP_NRT,,
6.26749,81.05721,334.91,0.55,0.42,2026-08-30,826,N,VIIRS,n,2.0NRT,295.72,13.47,D,VIIRS_SNPP_NRT,,
6.45618,81.09254,345.43,0.55,0.43,2026-08-30,826,N,VIIRS,n,2.0NRT,300.75,7.3,D,VIIRS_SNPP_NRT,,
6.45692,81.09754,349.51,0.55,0.43,2026-08-30,826,N,VIIRS,n,2.0NRT,301.59,19.19,D,VIIRS_SNPP_NRT,,
6.45926,81.09015,346.16,0.55,0.43,2026-08-30,826,N,VIIRS,n,2.0NRT,299.67,8.32,D,VIIRS_SNPP_NRT,,
6.45996,81.09512,348.18,0.55,0.43,2026-08-30,826,N,VIIRS,n,2.0NRT,299.92,8.32,D,VIIRS_SNPP_NRT,,
6.46012,81.09199,341.66,0.55,0.43,2026-08-30,826,N,VIIRS,n,2.0NRT,299.41,7.3,D,VIIRS_SNPP_NRT,,
6.55183,80.87236,346.14,0.54,0.42,2026-08-30,826,N,VIIRS,n,2.0NRT,291.28,11.61,D,VIIRS_SNPP_NRT,,
6.55189,80.87561,334.36,0.54,0.42,2026-08-30,826,N,VIIRS,n,2.0NRT,292.72,8.33,D,VIIRS_SNPP_NRT,,
6.56987,81.05585,349.19,0.55,0.43,2026-08-30,826,N,VIIRS,n,2.0NRT,292.28,39.3,D,VIIRS_SNPP_NRT,,
6.57044,81.05381,336.92,0.55,0.43,2026-08-30,826,N,VIIRS,n,2.0NRT,290.95,18.25,D,VIIRS_SNPP_NRT,,
6.57118,81.0588,337.67,0.55,0.43,2026-08-30,826,N,VIIRS,n,2.0NRT,289.64,18.25,D,VIIRS_SNPP_NRT,,
6.71188,81.53472,341.78,0.39,0.44,2026-08-30,826,N,VIIRS,n,2.0NRT,300.87,3.03,D,VIIRS_SNPP_NRT,,
6.72053,81.5371,342.87,0.39,0.44,2026-08-30,826,N,VIIRS,n,2.0NRT,299.79,5.65,D,VIIRS_SNPP_NRT,,
6.72105,81.5407,343.31,0.39,0.44,2026-08-30,826,N,VIIRS,n,2.0NRT,300.12,5.65,D,VIIRS_SNPP_NRT,,
6.72933,81.16361,339.18,0.56,0.43,2026-08-30,826,N,VIIRS,n,2.0NRT,291.13,4.87,D,VIIRS_SNPP_NRT,,
6.7333,81.16302,349.54,0.56,0.43,2026-08-30,826,N,VIIRS,n,2.0NRT,291.31,19.5,D,VIIRS_SNPP_NRT,,
6.7412,81.50845,342.02,0.39,0.44,2026-08-30,826,N,VIIRS,n,2.0NRT,306.51,4.05,D,VIIRS_SNPP_NRT,,
6.74123,81.50769,340.69,0.39,0.44,2026-08-30,826,N,VIIRS,n,2.0NRT,306.26,3.86,D,VIIRS_SNPP_NRT,,
6.74882,81.53226,335.77,0.39,0.44,2026-08-30,826,N,VIIRS,l,2.0NRT,306.41,3.11,D,VIIRS_SNPP_NRT,,
6.74896,81.53299,336.66,0.39,0.44,2026-08-30,826,N,VIIRS,n,2.0NRT,306.47,3.24,D,VIIRS_SNPP_NRT,,
6.77788,81.78619,338.04,0.41,0.45,2026-08-30,826,N,VIIRS,n,2.0NRT,302.1,4.91,D,VIIRS_SNPP_NRT,,
6.7977,81.55489,349.29,0.4,0.44,2026-08-30,826,N,VIIRS,n,2.0NRT,305.52,6.68,D,VIIRS_SNPP_NRT,,
6.81451,81.55614,340.43,0.4,0.44,2026-08-30,826,N,VIIRS,n,2.0NRT,305.15,3.16,D,VIIRS_SNPP_NRT,,
6.81849,81.5262,339.07,0.39,0.44,2026-08-30,826,N,VIIRS,n,2.0NRT,303.18,2.63,D,VIIRS_SNPP_NRT,,
6.863,81.43449,332.96,0.39,0.44,2026-08-30,826,N,VIIRS,n,2.0NRT,297.4,3.02,D,VIIRS_SNPP_NRT,,
6.89576,81.66621,331.54,0.4,0.44,2026-08-30,826,N,VIIRS,l,2.0NRT,301.71,3.31,D,VIIRS_SNPP_NRT,,
6.96385,81.61536,336.56,0.4,0.44,2026-08-30,826,N,VIIRS,n,2.0NRT,304.75,6.91,D,VIIRS_SNPP_NRT,,
7.01565,81.40194,344.36,0.39,0.44,2026-08-30,826,N,VIIRS,n,2.0NRT,303.03,3.69,D,VIIRS_SNPP_NRT,,
7.01929,81.60059,332.84,0.4,0.44,2026-08-30,826,N,VIIRS,n,2.0NRT,302.79,2.25,D,VIIRS_SNPP_NRT,,
7.10918,81.68468,335.1,0.41,0.45,2026-08-30,826,N,VIIRS,l,2.0NRT,305.92,4.05,D,VIIRS_SNPP_NRT,,
7.13256,81.41004,330.14,0.39,0.44,2026-08-30,826,N,VIIRS,n,2.0NRT,297.2,2.12,D,VIIRS_SNPP_NRT,,
7.21619,81.59032,337.99,0.4,0.44,2026-08-30,826,N,VIIRS,n,2.0NRT,306.07,5.44,D,VIIRS_SNPP_NRT,,
7.27317,81.1773,330.44,0.57,0.43,2026-08-30,826,N,VIIRS,l,2.0NRT,303.55,2.91,D,VIIRS_SNPP_NRT,,
7.27678,81.14547,337.26,0.57,0.43,2026-08-30,826,N,VIIRS,n,2.0NRT,305.53,4.38,D,VIIRS_SNPP_NRT,,
7.27753,81.15067,337.79,0.57,0.43,2026-08-30,826,N,VIIRS,n,2.0NRT,306.06,4.38,D,VIIRS_SNPP_NRT,,
7.27994,81.59621,340.82,0.4,0.45,2026-08-30,826,N,VIIRS,n,2.0NRT,306.6,5.24,D,VIIRS_SNPP_NRT,,
7.29368,81.80795,332.54,0.42,0.45,2026-08-30,826,N,VIIRS,l,2.0NRT,303.12,2.34,D,VIIRS_SNPP_NRT,,
7.31546,81.10326,334.42,0.57,0.43,2026-08-30,826,N,VIIRS,l,2.0NRT,304.81,6.49,D,VIIRS_SNPP_NRT,,
7.31621,81.10839,336.91,0.57,0.43,2026-08-30,826,N,VIIRS,n,2.0NRT,305.81,9.05,D,VIIRS_SNPP_NRT,,
7.31681,81.76224,344.78,0.41,0.45,2026-08-30,826,N,VIIRS,n,2.0NRT,299.4,5.41,D,VIIRS_SNPP_NRT,,
7.32021,81.10786,336.09,0.57,0.43,2026-08-30,826,N,VIIRS,n,2.0NRT,306.09,2.2,D,VIIRS_SNPP_NRT,,
7.32289,81.80387,340.57,0.42,0.45,2026-08-30,826,N,VIIRS,n,2.0NRT,303.84,2.59,D,VIIRS_SNPP_NRT,,
7.3236,81.80315,331.97,0.42,0.45,2026-08-30,826,N,VIIRS,l,2.0NRT,303.42,2.14,D,VIIRS_SNPP_NRT,,
7.32474,81.2229,344.58,0.38,0.43,2026-08-30,826,N,VIIRS,n,2.0NRT,307.22,5.09,D,VIIRS_SNPP_NRT,,
7.33473,81.20717,357.22,0.38,0.43,2026-08-30,826,N,VIIRS,n,2.0NRT,311.78,10.19,D,VIIRS_SNPP_NRT,,
7.34377,81.73465,336.86,0.41,0.45,2026-08-30,826,N,VIIRS,n,2.0NRT,300.35,3.47,D,VIIRS_SNPP_NRT,,
7.35118,81.19792,336.49,0.38,0.43,2026-08-30,826,N,VIIRS,l,2.0NRT,309.58,3.8,D,VIIRS_SNPP_NRT,,
7.35132,81.81868,335.23,0.42,0.45,2026-08-30,826,N,VIIRS,n,2.0NRT,303.61,2.2,D,VIIRS_SNPP_NRT,,
7.35166,81.2014,348.5,0.38,0.43,2026-08-30,826,N,VIIRS,n,2.0NRT,310.47,3.8,D,VIIRS_SNPP_NRT,,
7.35215,81.2049,344.63,0.38,0.43,2026-08-30,826,N,VIIRS,n,2.0NRT,310.14,6.09,D,VIIRS_SNPP_NRT,,
7.35264,81.2084,348.0,0.38,0.43,2026-08-30,826,N,VIIRS,n,2.0NRT,307.54,6.09,D,VIIRS_SNPP_NRT,,
7.35635,81.76369,340.63,0.42,0.45,2026-08-30,826,N,VIIRS,n,2.0NRT,304.1,4.46,D,VIIRS_SNPP_NRT,,
7.36431,81.55346,330.83,0.4,0.44,2026-08-30,826,N,VIIRS,l,2.0NRT,303.42,4.19,D,VIIRS_SNPP_NRT,,
7.36655,81.24904,343.12,0.39,0.44,2026-08-30,826,N,VIIRS,n,2.0NRT,306.31,19.27,D,VIIRS_SNPP_NRT,,
7.36683,81.77773,338.06,0.42,0.45,2026-08-30,826,N,VIIRS,n,2.0NRT,304.2,5.08,D,VIIRS_SNPP_NRT,,
7.36748,81.57545,332.45,0.4,0.45,2026-08-30,826,N,VIIRS,l,2.0NRT,303.73,2.71,D,VIIRS_SNPP_NRT,,
7.37411,81.56326,342.4,0.4,0.44,2026-08-30,826,N,VIIRS,n,2.0NRT,303.29,5.71,D,VIIRS_SNPP_NRT,,
7.37766,81.24046,336.16,0.39,0.44,2026-08-30,826,N,VIIRS,l,2.0NRT,306.84,3.11,D,VIIRS_SNPP_NRT,,
7.37768,81.55894,331.05,0.4,0.44,2026-08-30,826,N,VIIRS,l,2.0NRT,302.66,3.86,D,VIIRS_SNPP_NRT,,
7.3884,81.54617,340.43,0.4,0.44,2026-08-30,826,N,VIIRS,n,2.0NRT,299.81,4.46,D,VIIRS_SNPP_NRT,,
7.38893,81.54981,338.13,0.4,0.44,2026-08-30,826,N,VIIRS,n,2.0NRT,298.51,4.08,D,VIIRS_SNPP_NRT,,
7.39143,81.54616,342.88,0.4,0.44,2026-08-30,826,N,VIIRS,n,2.0NRT,300.33,4.74,D,VIIRS_SNPP_NRT,,
7.39302,81.54917,343.05,0.4,0.44,2026-08-30,826,N,VIIRS,n,2.0NRT,300.78,5.04,D,VIIRS_SNPP_NRT,,
7.39604,81.54919,349.53,0.4,0.44,2026-08-30,826,N,VIIRS,n,2.0NRT,303.82,8.59,D,VIIRS_SNPP_NRT,,
7.39712,81.54854,336.74,0.4,0.44,2026-08-30,826,N,VIIRS,n,2.0NRT,302.96,5.04,D,VIIRS_SNPP_NRT,,
7.4049,81.77624,342.42,0.42,0.45,2026-08-30,826,N,VIIRS,n,2.0NRT,303.84,3.36,D,VIIRS_SNPP_NRT,,
7.4156,81.56924,341.29,0.4,0.45,2026-08-30,826,N,VIIRS,n,2.0NRT,302.85,2.32,D,VIIRS_SNPP_NRT,,
7.43686,81.39532,337.73,0.39,0.44,2026-08-30,826,N,VIIRS,n,2.0NRT,307.01,4.3,D,VIIRS_SNPP_NRT,,
7.43925,81.32561,340.99,0.39,0.44,2026-08-30,826,N,VIIRS,n,2.0NRT,309.94,4.43,D,VIIRS_SNPP_NRT,,
7.45403,81.34198,340.72,0.39,0.44,2026-08-30,826,N,VIIRS,n,2.0NRT,308.95,4.67,D,VIIRS_SNPP_NRT,,
7.4743,81.05003,337.26,0.56,0.43,2026-08-30,826,N,VIIRS,n,2.0NRT,305.58,3.44,D,VIIRS_SNPP_NRT,,
7.48906,81.38728,338.59,0.39,0.44,2026-08-30,826,N,VIIRS,n,2.0NRT,306.08,3.0,D,VIIRS_SNPP_NRT,,
7.51956,81.30991,334.71,0.39,0.44,2026-08-30,826,N,VIIRS,l,2.0NRT,305.47,2.27,D,VIIRS_SNPP_NRT,,
7.61757,81.15485,356.38,0.38,0.43,2026-08-30,826,N,VIIRS,n,2.0NRT,313.13,15.47,D,VIIRS_SNPP_NRT,,
7.61807,81.15833,367.0,0.38,0.43,2026-08-30,826,N,VIIRS,h,2.0NRT,311.16,34.65,D,VIIRS_SNPP_NRT,,
7.62159,81.15429,335.61,0.38,0.43,2026-08-30,826,N,VIIRS,n,2.0NRT,306.78,15.47,D,VIIRS_SNPP_NRT,,
7.67645,81.44918,347.74,0.4,0.44,2026-08-30,826,N,VIIRS,n,2.0NRT,308.37,6.52,D,VIIRS_SNPP_NRT,,
7.69219,81.52925,336.39,0.41,0.45,2026-08-30,826,N,VIIRS,n,2.0NRT,305.85,2.33,D,VIIRS_SNPP_NRT,,
7.78376,81.21587,341.02,0.39,0.44,2026-08-30,826,N,VIIRS,n,2.0NRT,306.64,9.22,D,VIIRS_SNPP_NRT,,
7.78425,81.21941,334.77,0.39,0.44,2026-08-30,826,N,VIIRS,n,2.0NRT,303.53,7.08,D,VIIRS_SNPP_NRT,,
7.80813,81.45168,339.35,0.4,0.44,2026-08-30,826,N,VIIRS,n,2.0NRT,308.72,4.97,D,VIIRS_SNPP_NRT,,
7.80942,81.45202,342.3,0.4,0.44,2026-08-30,826,N,VIIRS,n,2.0NRT,308.39,4.33,D,VIIRS_SNPP_NRT,,
7.81643,81.36108,338.02,0.4,0.44,2026-08-30,826,N,VIIRS,l,2.0NRT,308.95,7.87,D,VIIRS_SNPP_NRT,,
7.87288,81.46512,336.09,0.4,0.45,2026-08-30,826,N,VIIRS,l,2.0NRT,308.48,4.66,D,VIIRS_SNPP_NRT,,
7.87428,81.41622,347.81,0.4,0.44,2026-08-30,826,N,VIIRS,n,2.0NRT,308.64,9.46,D,VIIRS_SNPP_NRT,,
8.60875,77.83811,330.12,0.41,0.37,2026-08-30,826,N,VIIRS,n,2.0NRT,284.72,2.3,D,VIIRS_SNPP_NRT,,
8.78732,78.01003,339.42,0.42,0.37,2026-08-30,828,N,VIIRS,n,2.0NRT,301.37,4.32,D,VIIRS_SNPP_NRT,,
8.80542,78.10815,335.36,0.42,0.38,2026-08-30,828,N,VIIRS,n,2.0NRT,296.09,2.62,D,VIIRS_SNPP_NRT,,
8.88687,77.78855,336.67,0.41,0.37,2026-08-30,828,N,VIIRS,n,2.0NRT,297.2,3.0,D,VIIRS_SNPP_NRT,,
8.91,77.59529,335.65,0.4,0.37,2026-08-30,828,N,VIIRS,n,2.0NRT,296.51,1.37,D,VIIRS_SNPP_NRT,,
8.93239,77.96133,333.2,0.42,0.37,2026-08-30,828,N,VIIRS,n,2.0NRT,296.5,2.9,D,VIIRS_SNPP_NRT,,
8.93294,77.9651,349.29,0.42,0.37,2026-08-30,828,N,VIIRS,n,2.0NRT,296.81,2.9,D,VIIRS_SNPP_NRT,,
9.11369,77.77237,334.29,0.41,0.37,2026-08-30,828,N,VIIRS,n,2.0NRT,298.66,1.37,D,VIIRS_SNPP_NRT,,
9.15121,78.32916,331.35,0.43,0.38,2026-08-30,828,N,VIIRS,n,2.0NRT,293.35,1.56,D,VIIRS_SNPP_NRT,,
9.32007,77.4914,333.17,0.4,0.37,2026-08-30,828,N,VIIRS,n,2.0NRT,290.35,2.53,D,VIIRS_SNPP_NRT,,
9.40266,80.43048,328.22,0.55,0.43,2026-08-30,828,N,VIIRS,n,2.0NRT,295.28,4.05,D,VIIRS_SNPP_NRT,,
9.42778,80.38101,331.15,0.55,0.42,2026-08-30,828,N,VIIRS,n,2.0NRT,292.84,1.83,D,VIIRS_SNPP_NRT,,
9.44417,77.66956,357.05,0.41,0.37,2026-08-30,828,N,VIIRS,n,2.0NRT,290.55,5.42,D,VIIRS_SNPP_NRT,,
9.44472,77.67329,339.12,0.41,0.37,2026-08-30,828,N,VIIRS,n,2.0NRT,287.31,5.42,D,VIIRS_SNPP_NRT,,
9.49209,77.66238,342.98,0.41,0.37,2026-08-30,828,N,VIIRS,n,2.0NRT,299.79,7.59,D,VIIRS_SNPP_NRT,,
9.51278,78.066,343.56,0.42,0.38,2026-08-30,828,N,VIIRS,n,2.0NRT,303.22,10.29,D,VIIRS_SNPP_NRT,,
9.82619,77.39869,331.44,0.4,0.37,2026-08-30,828,N,VIIRS,l,2.0NRT,303.27,1.05,D,VIIRS_SNPP_NRT,,
9.86126,78.18573,338.34,0.43,0.38,2026-08-30,828,N,VIIRS,n,2.0NRT,303.91,4.18,D,VIIRS_SNPP_NRT,,
9.87797,78.03197,336.6,0.42,0.38,2026-08-30,828,N,VIIRS,n,2.0NRT,294.37,1.97,D,VIIRS_SNPP_NRT,,
10.00316,76.4542,333.81,0.39,0.36,2026-08-30,828,N,VIIRS,n,2.0NRT,298.59,0.94,D,VIIRS_SNPP_NRT,,
11.80984,77.21425,335.6,0.41,0.37,2026-08-30,828,N,VIIRS,n,2.0NRT,301.41,61.33,D,VIIRS_SNPP_NRT,,
12.07999,76.99017,338.02,0.41,0.37,2026-08-30,828,N,VIIRS,n,2.0NRT,303.8,3.7,D,VIIRS_SNPP_NRT,,
12.48661,76.3177,336.89,0.39,0.37,2026-08-30,828,N,VIIRS,n,2.0NRT,298.79,3.61,D,VIIRS_SNPP_NRT,,
12.81456,78.60983,333.07,0.48,0.4,2026-08-30,828,N,VIIRS,n,2.0NRT,291.11,2.64,D,VIIRS_SNPP_NRT,,
13.9402,78.66064,331.18,0.5,0.41,2026-08-30,828,N,VIIRS,n,2.0NRT,299.53,2.81,D,VIIRS_SNPP_NRT,,
13.99587,79.86121,330.58,0.39,0.44,2026-08-30,828,N,VIIRS,n,2.0NRT,297.69,3.16,D,VIIRS_SNPP_NRT,,
14.18999,77.3446,342.86,0.43,0.38,2026-08-30,828,N,VIIRS,n,2.0NRT,298.23,3.06,D,VIIRS_SNPP_NRT,,
14.29174,77.98407,337.34,0.46,0.39,2026-08-30,828,N,VIIRS,n,2.0NRT,294.69,3.76,D,VIIRS_SNPP_NRT,,
14.3499,77.63499,335.71,0.45,0.39,2026-08-30,828,N,VIIRS,n,2.0NRT,300.01,3.47,D,VIIRS_SNPP_NRT,,
14.4991,79.69765,330.15,0.38,0.44,2026-08-30,828,N,VIIRS,n,2.0NRT,297.16,1.87,D,VIIRS_SNPP_NRT,,
14.50312,79.69711,336.85,0.38,0.44,2026-08-30,828,N,VIIRS,n,2.0NRT,296.91,1.54,D,VIIRS_SNPP_NRT,,
14.67836,76.89172,333.67,0.42,0.38,2026-08-30,828,N,VIIRS,n,2.0NRT,291.89,2.11,D,VIIRS_SNPP_NRT,,
14.69206,79.62556,331.61,0.38,0.43,2026-08-30,828,N,VIIRS,n,2.0NRT,295.71,2.12,D,VIIRS_SNPP_NRT,,
14.71446,79.98879,342.4,0.4,0.44,2026-08-30,828,N,VIIRS,n,2.0NRT,295.02,7.26,D,VIIRS_SNPP_NRT,,
14.84624,78.37249,332.45,0.49,0.4,2026-08-30,828,N,VIIRS,n,2.0NRT,299.84,2.01,D,VIIRS_SNPP_NRT,,
15.43925,77.664,333.31,0.46,0.39,2026-08-30,828,N,VIIRS,n,2.0NRT,291.37,2.43,D,VIIRS_SNPP_NRT,,
15.93384,79.5267,343.13,0.39,0.44,2026-08-30,828,N,VIIRS,n,2.0NRT,289.76,4.06,D,VIIRS_SNPP_NRT,,
19.7772,73.79005,333.97,0.39,0.36,2026-08-30,830,N,VIIRS,n,2.0NRT,293.26,2.03,D,VIIRS_SNPP_NRT,,
21.17639,74.58324,334.94,0.4,0.37,2026-08-30,830,N,VIIRS,n,2.0NRT,291.83,1.91,D,VIIRS_SNPP_NRT,,
30.02923,71.74337,332.13,0.39,0.36,2026-08-30,835,N,VIIRS,l,2.0NRT,304.36,0.57,D,VIIRS_SNPP_NRT,,
30.08648,71.7243,334.33,0.39,0.36,2026-08-30,835,N,VIIRS,n,2.0NRT,303.89,1.66,D,VIIRS_SNPP_NRT,,
30.11638,73.26059,335.4,0.42,0.38,2026-08-30,835,N,VIIRS,l,2.0NRT,305.78,3.03,D,VIIRS_SNPP_NRT,,
30.11697,73.26498,336.37,0.42,0.38,2026-08-30,835,N,VIIRS,n,2.0NRT,305.23,5.74,D,VIIRS_SNPP_NRT,,
30.16407,74.51582,331.57,0.47,0.4,2026-08-30,835,N,VIIRS,l,2.0NRT,302.09,3.35,D,VIIRS_SNPP_NRT,,
30.35123,73.65195,334.44,0.44,0.38,2026-08-30,835,N,VIIRS,n,2.0NRT,300.2,1.82,D,VIIRS_SNPP_NRT,,
30.51386,73.90864,335.57,0.45,0.39,2026-08-30,835,N,VIIRS,n,2.0NRT,299.41,2.87,D,VIIRS_SNPP_NRT,,
31.10913,74.49384,345.2,0.48,0.4,2026-08-30,835,N,VIIRS,n,2.0NRT,299.84,9.69,D,VIIRS_SNPP_NRT,,
31.12675,74.30208,342.96,0.47,0.4,2026-08-30,835,N,VIIRS,n,2.0NRT,300.91,4.14,D,VIIRS_SNPP_NRT,,
31.2082,73.91856,337.22,0.46,0.39,2026-08-30,835,N,VIIRS,n,2.0NRT,300.68,3.87,D,VIIRS_SNPP_NRT,,
31.2118,73.91795,331.16,0.46,0.39,2026-08-30,835,N,VIIRS,n,2.0NRT,299.86,2.3,D,VIIRS_SNPP_NRT,,
31.39489,72.12487,333.23,0.4,0.37,2026-08-30,835,N,VIIRS,n,2.0NRT,300.88,1.87,D,VIIRS_SNPP_NRT,,
31.4235,72.12935,331.22,0.4,0.37,2026-08-30,835,N,VIIRS,n,2.0NRT,300.79,3.19,D,VIIRS_SNPP_NRT,,
31.46879,72.1555,335.84,0.4,0.37,2026-08-30,835,N,VIIRS,n,2.0NRT,301.51,3.6,D,VIIRS_SNPP_NRT,,
31.56918,72.22474,334.87,0.41,0.37,2026-08-30,835,N,VIIRS,n,2.0NRT,302.29,2.25,D,VIIRS_SNPP_NRT,,
31.56943,72.27724,340.52,0.41,0.37,2026-08-30,835,N,VIIRS,n,2.0NRT,301.32,1.98,D,VIIRS_SNPP_NRT,,
31.58139,72.28816,337.8,0.41,0.37,2026-08-30,835,N,VIIRS,n,2.0NRT,299.58,2.12,D,VIIRS_SNPP_NRT,,
32.05318,73.38254,337.5,0.44,0.39,2026-08-30,835,N,VIIRS,n,2.0NRT,301.33,3.08,D,VIIRS_SNPP_NRT,,
32.09223,73.23719,330.89,0.44,0.38,2026-08-30,835,N,VIIRS,n,2.0NRT,299.99,2.2,D,VIIRS_SNPP_NRT,,
32.30693,73.28819,337.47,0.44,0.38,2026-08-30,835,N,VIIRS,n,2.0NRT,297.34,3.64,D,VIIRS_SNPP_NRT,,
32.8883,71.61584,331.99,0.4,0.37,2026-08-30,835,N,VIIRS,l,2.0NRT,303.18,1.77,D,VIIRS_SNPP_NRT,,
33.58202,69.2417,340.44,0.39,0.36,2026-08-30,835,N,VIIRS,l,2.0NRT,315.16,3.52,D,VIIRS_SNPP_NRT,,
33.84936,72.20547,340.8,0.42,0.38,2026-08-30,835,N,VIIRS,n,2.0NRT,297.4,3.38,D,VIIRS_SNPP_NRT,,
7.13631,81.13902,296.16,0.73,0.76,2026-08-30,1921,N,VIIRS,n,2.0NRT,280.67,1.72,N,VIIRS_SNPP_NRT,,
7.14013,81.1341,297.7,0.73,0.76,2026-08-30,1921,N,VIIRS,n,2.0NRT,283.35,3.59,N,VIIRS_SNPP_NRT,,
7.28379,81.16539,304.2,0.72,0.76,2026-08-30,1921,N,VIIRS,n,2.0NRT,288.27,1.34,N,VIIRS_SNPP_NRT,,
7.6078,81.15397,303.16,0.73,0.76,2026-08-30,1921,N,VIIRS,n,2.0NRT,288.01,0.82,N,VIIRS_SNPP_NRT,,
8.86712,81.02701,309.61,0.78,0.78,2026-08-30,1921,N,VIIRS,n,2.0NRT,287.51,1.75,N,VIIRS_SNPP_NRT,,
8.86843,81.02491,316.5,0.78,0.78,2026-08-30,1921,N,VIIRS,n,2.0NRT,287.9,2.71,N,VIIRS_SNPP_NRT,,
31.61482,74.37532,311.52,0.39,0.36,2026-08-30,2055,N,VIIRS,n,2.0NRT,295.45,0.61,N,VIIRS_SNPP_NRT,,
31.64126,74.42704,308.12,0.39,0.36,2026-08-30,2055,N,VIIRS,n,2.0NRT,295.23,0.49,N,VIIRS_SNPP_NRT,,
31.769,70.10805,312.33,0.55,0.43,2026-08-30,2055,N,VIIRS,n,2.0NRT,295.54,4.57,N,VIIRS_SNPP_NRT,,
32.0868,74.16059,315.49,0.39,0.36,2026-08-30,2055,N,VIIRS,n,2.0NRT,294.79,2.11,N,VIIRS_SNPP_NRT,,
32.08741,74.15643,308.49,0.39,0.36,2026-08-30,2055,N,VIIRS,n,2.0NRT,294.49,0.65,N,VIIRS_SNPP_NRT,,
32.13232,74.17843,312.92,0.39,0.36,2026-08-30,2055,N,VIIRS,n,2.0NRT,295.18,0.79,N,VIIRS_SNPP_NRT,,
32.57351,72.56357,309.26,0.44,0.38,2026-08-30,2055,N,VIIRS,n,2.0NRT,294.88,4.1,N,VIIRS_SNPP_NRT,,
32.64409,72.9769,307.1,0.42,0.38,2026-08-30,2055,N,VIIRS,n,2.0NRT,293.7,1.59,N,VIIRS_SNPP_NRT,,
32.88999,71.6175,308.91,0.48,0.4,2026-08-30,2055,N,VIIRS,n,2.0NRT,293.74,3.33,N,VIIRS_SNPP_NRT,,
33.29611,71.18341,310.8,0.51,0.41,2026-08-30,2055,N,VIIRS,n,2.0NRT,293.05,0.8,N,VIIRS_SNPP_NRT,,
33.29622,71.18803,306.97,0.51,0.41,2026-08-30,2055,N,VIIRS,n,2.0NRT,293.04,1.09,N,VIIRS_SNPP_NRT,,
24.68952,73.00175,308.21,0.39,0.36,2026-08-30,2057,N,VIIRS,n,2.0NRT,292.27,1.08,N,VIIRS_SNPP_NRT,,
25.9433,72.19072,329.62,0.4,0.37,2026-08-30,2057,N,VIIRS,n,2.0NRT,294.95,2.98,N,VIIRS_SNPP_NRT,,
25.94431,72.19051,325.37,0.4,0.37,2026-08-30,2057,N,VIIRS,n,2.0NRT,295.03,2.14,N,VIIRS_SNPP_NRT,,
26.09499,68.87773,305.36,0.55,0.42,2026-08-30,2057,N,VIIRS,n,2.0NRT,295.07,0.92,N,VIIRS_SNPP_NRT,,
26.60605,73.68385,305.13,0.38,0.36,2026-08-30,2057,N,VIIRS,n,2.0NRT,292.92,0.71,N,VIIRS_SNPP_NRT,,
26.87274,73.51597,306.77,0.39,0.36,2026-08-30,2057,N,VIIRS,n,2.0NRT,293.13,1.35,N,VIIRS_SNPP_NRT,,
26.87605,73.51661,309.34,0.39,0.36,2026-08-30,2057,N,VIIRS,n,2.0NRT,293.23,1.26,N,VIIRS_SNPP_NRT,,
26.87664,73.51275,304.99,0.39,0.36,2026-08-30,2057,N,VIIRS,n,2.0NRT,292.77,1.39,N,VIIRS_SNPP_NRT,,
27.66868,76.13271,296.11,0.41,0.37,2026-08-30,2057,N,VIIRS,n,2.0NRT,276.77,0.32,N,VIIRS_SNPP_NRT,,
27.66938,76.12862,299.11,0.41,0.37,2026-08-30,2057,N,VIIRS,n,2.0NRT,279.78,0.32,N,VIIRS_SNPP_NRT,,
28.35198,70.13081,307.1,0.5,0.41,2026-08-30,2057,N,VIIRS,n,2.0NRT,296.83,0.75,N,VIIRS_SNPP_NRT,,
28.42588,69.698,310.32,0.53,0.42,2026-08-30,2057,N,VIIRS,n,2.0NRT,297.18,1.83,N,VIIRS_SNPP_NRT,,
28.74306,76.92912,316.04,0.42,0.38,2026-08-30,2057,N,VIIRS,n,2.0NRT,291.02,1.91,N,VIIRS_SNPP_NRT,,
29.45914,76.89161,316.03,0.41,0.37,2026-08-30,2057,N,VIIRS,n,2.0NRT,292.1,3.18,N,VIIRS_SNPP_NRT,,
29.4759,76.85623,311.77,0.41,0.37,2026-08-30,2057,N,VIIRS,n,2.0NRT,289.97,2.28,N,VIIRS_SNPP_NRT,,
18.54634,74.25378,311.92,0.42,0.38,2026-08-30,2059,N,VIIRS,n,2.0NRT,289.64,1.13,N,VIIRS_SNPP_NRT,,
18.68969,73.04101,304.97,0.39,0.36,2026-08-30,2059,N,VIIRS,n,2.0NRT,291.93,1.57,N,VIIRS_SNPP_NRT,,
18.69302,73.0416,319.89,0.39,0.36,2026-08-30,2059,N,VIIRS,n,2.0NRT,293.8,3.62,N,VIIRS_SNPP_NRT,,
19.93695,73.71136,323.05,0.4,0.37,2026-08-30,2059,N,VIIRS,n,2.0NRT,287.35,2.32,N,VIIRS_SNPP_NRT,,
20.35619,72.94963,305.96,0.39,0.36,2026-08-30,2059,N,VIIRS,n,2.0NRT,291.96,1.84,N,VIIRS_SNPP_NRT,,
21.10102,72.63954,295.93,0.38,0.36,2026-08-30,2059,N,VIIRS,n,2.0NRT,281.97,0.49,N,VIIRS_SNPP_NRT,,
21.1016,72.63586,315.23,0.38,0.36,2026-08-30,2059,N,VIIRS,n,2.0NRT,282.26,1.65,N,VIIRS_SNPP_NRT,,
21.26307,72.94081,312.03,0.38,0.36,2026-08-30,2059,N,VIIRS,n,2.0NRT,293.36,2.1,N,VIIRS_SNPP_NRT,,
21.79665,72.08905,308.36,0.39,0.36,2026-08-30,2059,N,VIIRS,n,2.0NRT,292.6,1.45,N,VIIRS_SNPP_NRT,,
9.67002,77.45597,297.92,0.57,0.52,2026-08-30,2101,N,VIIRS,n,2.0NRT,278.12,0.77,N,VIIRS_SNPP_NRT,,
11.62482,79.08276,304.91,0.34,0.56,2026-08-30,2101,N,VIIRS,n,2.0NRT,283.7,0.94,N,VIIRS_SNPP_NRT,,
13.71089,79.62021,304.97,0.34,0.56,2026-08-30,2101,N,VIIRS,n,2.0NRT,281.19,1.05,N,VIIRS_SNPP_NRT,,
13.82755,79.33979,302.83,0.32,0.55,2026-08-30,2101,N,VIIRS,n,2.0NRT,278.47,0.49,N,VIIRS_SNPP_NRT,,
13.82812,79.33691,305.97,0.32,0.55,2026-08-30,2101,N,VIIRS,n,2.0NRT,279.11,0.49,N,VIIRS_SNPP_NRT,,
13.82816,79.33921,305.91,0.32,0.55,2026-08-30,2101,N,VIIRS,n,2.0NRT,278.87,0.64,N,VIIRS_SNPP_NRT,,
13.82868,79.33408,302.13,0.32,0.55,2026-08-30,2101,N,VIIRS,n,2.0NRT,278.63,0.73,N,VIIRS_SNPP_NRT,,
13.82871,79.33633,304.76,0.32,0.55,2026-08-30,2101,N,VIIRS,n,2.0NRT,278.4,0.64,N,VIIRS_SNPP_NRT,,
15.16888,76.67051,297.02,0.41,0.45,2026-08-30,2101,N,VIIRS,n,2.0NRT,279.46,0.4,N,VIIRS_SNPP_NRT,,
15.17345,76.78623,302.27,0.42,0.45,2026-08-30,2101,N,VIIRS,n,2.0NRT,284.14,0.79,N,VIIRS_SNPP_NRT,,
15.17362,76.69113,301.13,0.41,0.45,2026-08-30,2101,N,VIIRS,n,2.0NRT,281.35,0.52,N,VIIRS_SNPP_NRT,,
15.1757,76.65623,320.74,0.41,0.45,2026-08-30,2101,N,VIIRS,n,2.0NRT,283.06,3.12,N,VIIRS_SNPP_NRT,,
15.17636,76.67603,312.47,0.41,0.45,2026-08-30,2101,N,VIIRS,n,2.0NRT,284.26,2.05,N,VIIRS_SNPP_NRT,,
15.17842,76.66464,301.31,0.41,0.45,2026-08-30,2101,N,VIIRS,n,2.0NRT,282.67,1.47,N,VIIRS_SNPP_NRT,,
15.18182,76.66927,302.97,0.41,0.45,2026-08-30,2101,N,VIIRS,n,2.0NRT,282.18,1.46,N,VIIRS_SNPP_NRT,,
15.1825,76.66548,315.65,0.41,0.45,2026-08-30,2101,N,VIIRS,n,2.0NRT,280.75,1.46,N,VIIRS_SNPP_NRT,,
6.95868,79.95699,300.79,0.47,0.64,2026-08-30,2104,N,VIIRS,n,2.0NRT,282.46,1.05,N,VIIRS_SNPP_NRT,,
6.74823,81.75127,333.23,0.39,0.36,2026-08-31,807,N,VIIRS,l,2.0NRT,303.36,2.28,D,VIIRS_SNPP_NRT,,
6.99914,81.59812,345.91,0.39,0.36,2026-08-31,807,N,VIIRS,n,2.0NRT,307.0,4.66,D,VIIRS_SNPP_NRT,,
6.99967,81.60159,335.33,0.39,0.36,2026-08-31,807,N,VIIRS,l,2.0NRT,306.99,5.33,D,VIIRS_SNPP_NRT,,
7.00193,81.59413,340.51,0.39,0.36,2026-08-31,807,N,VIIRS,n,2.0NRT,306.28,4.66,D,VIIRS_SNPP_NRT,,
7.00246,81.59761,349.4,0.39,0.36,2026-08-31,807,N,VIIRS,n,2.0NRT,309.62,4.66,D,VIIRS_SNPP_NRT,,
7.00911,81.5966,334.53,0.39,0.36,2026-08-31,807,N,VIIRS,l,2.0NRT,307.12,4.34,D,VIIRS_SNPP_NRT,,
7.07676,81.82498,341.21,0.39,0.36,2026-08-31,807,N,VIIRS,n,2.0NRT,304.24,3.59,D,VIIRS_SNPP_NRT,,
7.09931,80.83875,330.54,0.38,0.36,2026-08-31,807,N,VIIRS,n,2.0NRT,300.51,3.8,D,VIIRS_SNPP_NRT,,
7.17094,81.64171,345.22,0.39,0.36,2026-08-31,807,N,VIIRS,n,2.0NRT,300.2,8.79,D,VIIRS_SNPP_NRT,,
7.1865,81.38634,339.42,0.38,0.36,2026-08-31,807,N,VIIRS,n,2.0NRT,300.35,4.57,D,VIIRS_SNPP_NRT,,
7.32466,81.76436,343.9,0.39,0.36,2026-08-31,807,N,VIIRS,n,2.0NRT,297.2,4.49,D,VIIRS_SNPP_NRT,,
7.33384,81.80244,340.74,0.39,0.36,2026-08-31,807,N,VIIRS,n,2.0NRT,300.22,3.07,D,VIIRS_SNPP_NRT,,
7.43173,81.31496,330.4,0.38,0.36,2026-08-31,807,N,VIIRS,n,2.0NRT,294.08,2.02,D,VIIRS_SNPP_NRT,,
7.4614,80.99762,354.52,0.38,0.36,2026-08-31,807,N,VIIRS,n,2.0NRT,299.46,24.03,D,VIIRS_SNPP_NRT,,
7.47357,81.65829,346.07,0.39,0.36,2026-08-31,807,N,VIIRS,n,2.0NRT,297.84,9.86,D,VIIRS_SNPP_NRT,,
7.52729,80.8979,334.5,0.38,0.36,2026-08-31,807,N,VIIRS,l,2.0NRT,306.55,2.18,D,VIIRS_SNPP_NRT,,
7.60614,81.15155,339.35,0.38,0.36,2026-08-31,807,N,VIIRS,n,2.0NRT,301.8,8.72,D,VIIRS_SNPP_NRT,,
7.65419,81.40054,335.93,0.39,0.36,2026-08-31,807,N,VIIRS,n,2.0NRT,305.53,2.94,D,VIIRS_SNPP_NRT,,
7.70496,81.42134,340.73,0.39,0.36,2026-08-31,807,N,VIIRS,n,2.0NRT,303.38,6.93,D,VIIRS_SNPP_NRT,,
7.73714,79.95287,335.15,0.39,0.36,2026-08-31,807,N,VIIRS,n,2.0NRT,299.09,3.4,D,VIIRS_SNPP_NRT,,
7.73915,79.95213,345.5,0.39,0.36,2026-08-31,807,N,VIIRS,n,2.0NRT,299.7,5.01,D,VIIRS_SNPP_NRT,,
7.8739,80.07893,348.7,0.39,0.36,2026-08-31,807,N,VIIRS,n,2.0NRT,305.08,5.31,D,VIIRS_SNPP_NRT,,
7.87699,80.62096,331.9,0.38,0.36,2026-08-31,807,N,VIIRS,n,2.0NRT,302.63,2.86,D,VIIRS_SNPP_NRT,,
7.88657,80.13833,345.81,0.39,0.36,2026-08-31,807,N,VIIRS,n,2.0NRT,305.14,7.77,D,VIIRS_SNPP_NRT,,
7.88696,80.61943,341.73,0.38,0.36,2026-08-31,807,N,VIIRS,n,2.0NRT,302.18,3.88,D,VIIRS_SNPP_NRT,,
7.92286,81.40872,341.88,0.39,0.36,2026-08-31,807,N,VIIRS,n,2.0NRT,308.16,4.75,D,VIIRS_SNPP_NRT,,
7.94071,81.30248,345.2,0.38,0.36,2026-08-31,807,N,VIIRS,n,2.0NRT,308.84,20.34,D,VIIRS_SNPP_NRT,,
7.94124,81.30596,352.39,0.39,0.36,2026-08-31,807,N,VIIRS,n,2.0NRT,313.67,20.34,D,VIIRS_SNPP_NRT,,
7.94297,81.295,350.67,0.38,0.36,2026-08-31,807,N,VIIRS,n,2.0NRT,310.0,80.22,D,VIIRS_SNPP_NRT,,
7.94403,81.30197,352.31,0.38,0.36,2026-08-31,807,N,VIIRS,n,2.0NRT,313.41,20.34,D,VIIRS_SNPP_NRT,,
7.94456,81.30545,367.0,0.39,0.36,2026-08-31,807,N,VIIRS,h,2.0NRT,311.43,20.34,D,VIIRS_SNPP_NRT,,
7.95897,80.09814,338.14,0.39,0.36,2026-08-31,807,N,VIIRS,l,2.0NRT,304.5,3.06,D,VIIRS_SNPP_NRT,,
7.96847,80.62367,334.81,0.38,0.36,2026-08-31,807,N,VIIRS,n,2.0NRT,303.21,2.45,D,VIIRS_SNPP_NRT,,
7.99786,80.37258,332.12,0.39,0.36,2026-08-31,807,N,VIIRS,l,2.0NRT,305.98,6.58,D,VIIRS_SNPP_NRT,,
7.9984,80.37608,349.28,0.39,0.36,2026-08-31,807,N,VIIRS,n,2.0NRT,308.42,6.58,D,VIIRS_SNPP_NRT,,
8.01197,81.41592,340.12,0.39,0.36,2026-08-31,807,N,VIIRS,l,2.0NRT,310.95,4.35,D,VIIRS_SNPP_NRT,,
8.03437,80.19405,338.36,0.39,0.36,2026-08-31,807,N,VIIRS,n,2.0NRT,306.27,6.16,D,VIIRS_SNPP_NRT,,
8.08878,80.19277,344.37,0.39,0.36,2026-08-31,807,N,VIIRS,n,2.0NRT,305.52,5.01,D,VIIRS_SNPP_NRT,,
8.14198,79.99303,337.81,0.39,0.36,2026-08-31,807,N,VIIRS,n,2.0NRT,303.02,3.1,D,VIIRS_SNPP_NRT,,
8.2525,80.51107,330.03,0.39,0.36,2026-08-31,807,N,VIIRS,l,2.0NRT,304.77,2.72,D,VIIRS_SNPP_NRT,,
8.26829,80.17477,333.76,0.39,0.36,2026-08-31,807,N,VIIRS,l,2.0NRT,308.72,2.7,D,VIIRS_SNPP_NRT,,
8.28108,80.16919,341.22,0.39,0.36,2026-08-31,807,N,VIIRS,n,2.0NRT,309.37,3.83,D,VIIRS_SNPP_NRT,,
8.29091,80.21081,346.43,0.39,0.36,2026-08-31,807,N,VIIRS,n,2.0NRT,308.56,5.81,D,VIIRS_SNPP_NRT,,
8.30053,80.16256,339.1,0.39,0.36,2026-08-31,807,N,VIIRS,n,2.0NRT,308.91,3.66,D,VIIRS_SNPP_NRT,,
8.30774,80.12835,332.31,0.39,0.36,2026-08-31,807,N,VIIRS,l,2.0NRT,306.22,2.95,D,VIIRS_SNPP_NRT,,
8.31053,80.29387,334.22,0.39,0.36,2026-08-31,807,N,VIIRS,l,2.0NRT,305.49,1.4,D,VIIRS_SNPP_NRT,,
8.34692,80.20496,336.99,0.39,0.36,2026-08-31,807,N,VIIRS,l,2.0NRT,309.9,3.86,D,VIIRS_SNPP_NRT,,
8.34746,80.20847,336.17,0.39,0.36,2026-08-31,807,N,VIIRS,l,2.0NRT,309.73,3.85,D,VIIRS_SNPP_NRT,,
8.35775,80.80066,337.97,0.38,0.36,2026-08-31,807,N,VIIRS,l,2.0NRT,310.22,8.27,D,VIIRS_SNPP_NRT,,
8.36229,81.05286,337.65,0.38,0.36,2026-08-31,807,N,VIIRS,l,2.0NRT,310.94,6.7,D,VIIRS_SNPP_NRT,,
8.3721,80.43393,336.87,0.39,0.36,2026-08-31,807,N,VIIRS,n,2.0NRT,304.21,6.87,D,VIIRS_SNPP_NRT,,
8.3754,81.1614,336.39,0.38,0.36,2026-08-31,807,N,VIIRS,l,2.0NRT,307.17,3.98,D,VIIRS_SNPP_NRT,,
8.37858,80.18925,336.53,0.39,0.36,2026-08-31,807,N,VIIRS,l,2.0NRT,308.88,4.28,D,VIIRS_SNPP_NRT,,
8.38648,80.15206,334.03,0.39,0.36,2026-08-31,807,N,VIIRS,l,2.0NRT,304.84,4.9,D,VIIRS_SNPP_NRT,,
8.38703,80.15557,346.01,0.39,0.36,2026-08-31,807,N,VIIRS,n,2.0NRT,310.23,4.9,D,VIIRS_SNPP_NRT,,
8.4223,81.09,340.12,0.38,0.36,2026-08-31,807,N,VIIRS,l,2.0NRT,310.14,3.98,D,VIIRS_SNPP_NRT,,
8.42869,80.62504,341.14,0.38,0.36,2026-08-31,807,N,VIIRS,n,2.0NRT,308.86,5.61,D,VIIRS_SNPP_NRT,,
8.4316,80.79919,341.2,0.38,0.36,2026-08-31,807,N,VIIRS,n,2.0NRT,309.0,6.05,D,VIIRS_SNPP_NRT,,
8.43458,80.5528,331.43,0.38,0.36,2026-08-31,807,N,VIIRS,l,2.0NRT,304.61,2.47,D,VIIRS_SNPP_NRT,,
8.44716,80.87873,338.83,0.38,0.36,2026-08-31,807,N,VIIRS,n,2.0NRT,306.9,7.37,D,VIIRS_SNPP_NRT,,
8.4479,80.75037,335.29,0.38,0.36,2026-08-31,807,N,VIIRS,l,2.0NRT,308.52,3.6,D,VIIRS_SNPP_NRT,,
8.46928,80.77913,346.94,0.38,0.36,2026-08-31,807,N,VIIRS,n,2.0NRT,307.83,7.93,D,VIIRS_SNPP_NRT,,
8.47334,80.16677,342.12,0.39,0.36,2026-08-31,807,N,VIIRS,n,2.0NRT,309.88,7.33,D,VIIRS_SNPP_NRT,,
8.47485,80.77115,331.63,0.38,0.36,2026-08-31,807,N,VIIRS,l,2.0NRT,303.02,1.53,D,VIIRS_SNPP_NRT,,
8.47952,80.82387,331.96,0.38,0.36,2026-08-31,807,N,VIIRS,l,2.0NRT,303.15,4.13,D,VIIRS_SNPP_NRT,,
8.48646,80.36195,333.66,0.39,0.36,2026-08-31,807,N,VIIRS,l,2.0NRT,306.36,2.3,D,VIIRS_SNPP_NRT,,
8.49225,80.81834,353.12,0.38,0.36,2026-08-31,807,N,VIIRS,n,2.0NRT,310.05,11.16,D,VIIRS_SNPP_NRT,,
8.49849,80.39584,331.59,0.39,0.36,2026-08-31,807,N,VIIRS,l,2.0NRT,303.07,2.61,D,VIIRS_SNPP_NRT,,
8.49889,80.81732,341.45,0.38,0.36,2026-08-31,807,N,VIIRS,n,2.0NRT,307.32,4.41,D,VIIRS_SNPP_NRT,,
8.51151,80.56882,332.96,0.38,0.36,2026-08-31,807,N,VIIRS,n,2.0NRT,300.44,4.3,D,VIIRS_SNPP_NRT,,
8.51499,80.74651,334.79,0.38,0.36,2026-08-31,807,N,VIIRS,l,2.0NRT,309.49,9.52,D,VIIRS_SNPP_NRT,,
8.5192,80.46411,331.95,0.38,0.36,2026-08-31,807,N,VIIRS,n,2.0NRT,300.33,2.27,D,VIIRS_SNPP_NRT,,
8.55709,80.62238,336.88,0.38,0.36,2026-08-31,807,N,VIIRS,l,2.0NRT,306.97,5.71,D,VIIRS_SNPP_NRT,,
8.55763,80.62587,339.42,0.38,0.36,2026-08-31,807,N,VIIRS,n,2.0NRT,308.82,7.3,D,VIIRS_SNPP_NRT,,
8.56241,80.85677,347.43,0.38,0.36,2026-08-31,807,N,VIIRS,n,2.0NRT,309.81,6.27,D,VIIRS_SNPP_NRT,,
8.57523,80.74078,334.55,0.38,0.36,2026-08-31,807,N,VIIRS,n,2.0NRT,302.39,0.92,D,VIIRS_SNPP_NRT,,
8.5921,80.41267,348.81,0.39,0.36,2026-08-31,807,N,VIIRS,n,2.0NRT,308.67,9.48,D,VIIRS_SNPP_NRT,,
8.59252,80.60977,336.11,0.38,0.36,2026-08-31,807,N,VIIRS,n,2.0NRT,302.77,3.19,D,VIIRS_SNPP_NRT,,
8.59517,80.82677,344.09,0.38,0.36,2026-08-31,807,N,VIIRS,n,2.0NRT,307.19,24.38,D,VIIRS_SNPP_NRT,,
8.61153,80.51681,338.01,0.38,0.36,2026-08-31,807,N,VIIRS,l,2.0NRT,310.3,5.45,D,VIIRS_SNPP_NRT,,
8.6128,80.70208,334.35,0.38,0.36,2026-08-31,807,N,VIIRS,l,2.0NRT,307.32,4.65,D,VIIRS_SNPP_NRT,,
8.61921,81.14049,350.21,0.38,0.36,2026-08-31,807,N,VIIRS,n,2.0NRT,312.03,9.6,D,VIIRS_SNPP_NRT,,
8.6213,80.7978,348.51,0.38,0.36,2026-08-31,807,N,VIIRS,n,2.0NRT,306.04,6.63,D,VIIRS_SNPP_NRT,,
8.62135,80.97601,335.68,0.38,0.36,2026-08-31,807,N,VIIRS,n,2.0NRT,304.01,1.17,D,VIIRS_SNPP_NRT,,
8.62952,80.56754,333.65,0.38,0.36,2026-08-31,807,N,VIIRS,n,2.0NRT,303.3,3.18,D,VIIRS_SNPP_NRT,,
8.63006,80.57103,332.78,0.38,0.36,2026-08-31,807,N,VIIRS,n,2.0NRT,301.35,2.36,D,VIIRS_SNPP_NRT,,
8.63045,80.70648,339.82,0.38,0.36,2026-08-31,807,N,VIIRS,l,2.0NRT,310.42,4.17,D,VIIRS_SNPP_NRT,,
8.63466,80.53464,338.93,0.38,0.36,2026-08-31,807,N,VIIRS,n,2.0NRT,306.44,3.24,D,VIIRS_SNPP_NRT,,
8.6401,80.65864,339.77,0.38,0.36,2026-08-31,807,N,VIIRS,n,2.0NRT,303.83,15.49,D,VIIRS_SNPP_NRT,,
8.65994,80.76608,334.64,0.38,0.36,2026-08-31,807,N,VIIRS,l,2.0NRT,305.82,2.09,D,VIIRS_SNPP_NRT,,
8.66698,80.36886,337.97,0.39,0.36,2026-08-31,807,N,VIIRS,n,2.0NRT,307.33,3.35,D,VIIRS_SNPP_NRT,,
8.67386,80.74609,338.19,0.38,0.36,2026-08-31,807,N,VIIRS,n,2.0NRT,307.61,6.91,D,VIIRS_SNPP_NRT,,
8.68129,81.15162,341.5,0.39,0.36,2026-08-31,807,N,VIIRS,n,2.0NRT,311.49,6.41,D,VIIRS_SNPP_NRT,,
8.6821,80.75552,349.96,0.38,0.36,2026-08-31,807,N,VIIRS,n,2.0NRT,308.89,5.09,D,VIIRS_SNPP_NRT,,
8.74873,80.32748,338.49,0.39,0.36,2026-08-31,807,N,VIIRS,n,2.0NRT,305.13,3.57,D,VIIRS_SNPP_NRT,,
8.78987,80.99559,343.59,0.38,0.36,2026-08-31,807,N,VIIRS,n,2.0NRT,307.86,12.29,D,VIIRS_SNPP_NRT,,
8.80894,80.39244,341.51,0.38,0.36,2026-08-31,807,N,VIIRS,n,2.0NRT,306.81,3.36,D,VIIRS_SNPP_NRT,,
8.85911,80.74155,349.7,0.38,0.36,2026-08-31,807,N,VIIRS,n,2.0NRT,311.49,16.02,D,VIIRS_SNPP_NRT,,
8.90582,80.40517,338.33,0.38,0.36,2026-08-31,807,N,VIIRS,n,2.0NRT,305.91,4.3,D,VIIRS_SNPP_NRT,,
8.91568,80.42508,341.63,0.38,0.36,2026-08-31,807,N,VIIRS,l,2.0NRT,314.07,28.96,D,VIIRS_SNPP_NRT,,
8.97013,80.69147,345.28,0.38,0.36,2026-08-31,807,N,VIIRS,n,2.0NRT,311.26,6.62,D,VIIRS_SNPP_NRT,,
8.9767,80.37984,336.51,0.38,0.36,2026-08-31,807,N,VIIRS,l,2.0NRT,308.02,6.26,D,VIIRS_SNPP_NRT,,
8.97723,80.38334,337.39,0.38,0.36,2026-08-31,807,N,VIIRS,l,2.0NRT,307.43,6.26,D,VIIRS_SNPP_NRT,,
9.02789,77.86799,345.65,0.45,0.39,2026-08-31,807,N,VIIRS,n,2.0NRT,311.04,11.75,D,VIIRS_SNPP_NRT,,
9.04133,80.45132,367.0,0.38,0.36,2026-08-31,807,N,VIIRS,h,2.0NRT,312.33,19.68,D,VIIRS_SNPP_NRT,,
9.11122,80.50833,339.2,0.38,0.36,2026-08-31,807,N,VIIRS,l,2.0NRT,310.26,5.42,D,VIIRS_SNPP_NRT,,
9.17411,80.12911,332.22,0.39,0.36,2026-08-31,807,N,VIIRS,l,2.0NRT,306.33,2.97,D,VIIRS_SNPP_NRT,,
9.17741,78.13036,346.2,0.43,0.38,2026-08-31,807,N,VIIRS,n,2.0NRT,304.75,6.86,D,VIIRS_SNPP_NRT,,
9.18498,80.30385,347.17,0.39,0.36,2026-08-31,807,N,VIIRS,n,2.0NRT,313.38,6.16,D,VIIRS_SNPP_NRT,,
9.19589,80.66298,337.37,0.38,0.36,2026-08-31,807,N,VIIRS,l,2.0NRT,309.9,1.84,D,VIIRS_SNPP_NRT,,
9.22821,77.66577,339.43,0.45,0.39,2026-08-31,807,N,VIIRS,l,2.0NRT,303.45,16.19,D,VIIRS_SNPP_NRT,,
9.26766,80.71529,340.77,0.38,0.36,2026-08-31,807,N,VIIRS,n,2.0NRT,307.73,6.53,D,VIIRS_SNPP_NRT,,
9.28584,80.72318,340.11,0.38,0.36,2026-08-31,807,N,VIIRS,n,2.0NRT,306.2,3.86,D,VIIRS_SNPP_NRT,,
9.39429,80.28052,338.13,0.38,0.36,2026-08-31,807,N,VIIRS,n,2.0NRT,306.48,3.06,D,VIIRS_SNPP_NRT,,
9.41306,80.4028,353.54,0.38,0.36,2026-08-31,807,N,VIIRS,n,2.0NRT,307.32,5.73,D,VIIRS_SNPP_NRT,,
9.41691,80.40578,332.41,0.38,0.36,2026-08-31,807,N,VIIRS,l,2.0NRT,303.93,5.73,D,VIIRS_SNPP_NRT,,
9.47052,78.63935,342.36,0.41,0.37,2026-08-31,807,N,VIIRS,l,2.0NRT,300.43,5.55,D,VIIRS_SNPP_NRT,,
9.77185,78.36581,340.43,0.42,0.38,2026-08-31,807,N,VIIRS,n,2.0NRT,303.44,3.64,D,VIIRS_SNPP_NRT,,
9.8061,77.88528,340.12,0.44,0.38,2026-08-31,807,N,VIIRS,l,2.0NRT,312.07,7.57,D,VIIRS_SNPP_NRT,,
9.80675,77.88925,344.35,0.44,0.38,2026-08-31,807,N,VIIRS,l,2.0NRT,314.76,7.57,D,VIIRS_SNPP_NRT,,
9.90981,78.52617,339.05,0.41,0.37,2026-08-31,807,N,VIIRS,l,2.0NRT,304.96,4.17,D,VIIRS_SNPP_NRT,,
9.98556,77.43252,336.54,0.46,0.39,2026-08-31,807,N,VIIRS,l,2.0NRT,304.75,5.73,D,VIIRS_SNPP_NRT,,
11.62862,78.61463,331.27,0.4,0.37,2026-08-31,807,N,VIIRS,l,2.0NRT,298.12,4.3,D,VIIRS_SNPP_NRT,,
11.52704,77.24921,330.49,0.45,0.39,2026-08-31,809,N,VIIRS,l,2.0NRT,299.28,3.56,D,VIIRS_SNPP_NRT,,
11.52934,77.24984,332.74,0.45,0.39,2026-08-31,809,N,VIIRS,n,2.0NRT,298.98,4.63,D,VIIRS_SNPP_NRT,,
11.73493,77.98431,331.16,0.42,0.37,2026-08-31,809,N,VIIRS,n,2.0NRT,299.52,3.07,D,VIIRS_SNPP_NRT,,
11.80935,77.92519,331.34,0.42,0.38,2026-08-31,809,N,VIIRS,l,2.0NRT,292.97,2.83,D,VIIRS_SNPP_NRT,,
11.99381,79.54753,350.08,0.39,0.36,2026-08-31,809,N,VIIRS,n,2.0NRT,310.35,8.02,D,VIIRS_SNPP_NRT,,
11.99713,79.547,346.13,0.39,0.36,2026-08-31,809,N,VIIRS,n,2.0NRT,308.36,8.02,D,VIIRS_SNPP_NRT,,
12.05555,79.07794,330.89,0.39,0.36,2026-08-31,809,N,VIIRS,l,2.0NRT,302.51,2.96,D,VIIRS_SNPP_NRT,,
12.58657,79.6415,349.15,0.38,0.36,2026-08-31,809,N,VIIRS,n,2.0NRT,307.62,4.02,D,VIIRS_SNPP_NRT,,
13.40939,80.26858,339.14,0.39,0.36,2026-08-31,809,N,VIIRS,n,2.0NRT,301.29,2.09,D,VIIRS_SNPP_NRT,,
13.81923,79.34404,351.56,0.38,0.36,2026-08-31,809,N,VIIRS,n,2.0NRT,293.93,13.51,D,VIIRS_SNPP_NRT,,
14.47656,78.25895,335.97,0.39,0.36,2026-08-31,809,N,VIIRS,n,2.0NRT,296.94,5.87,D,VIIRS_SNPP_NRT,,
27.71435,68.49007,350.78,0.5,0.49,2026-08-31,813,N,VIIRS,n,2.0NRT,304.87,28.78,D,VIIRS_SNPP_NRT,,
28.12977,76.78864,335.41,0.39,0.36,2026-08-31,813,N,VIIRS,n,2.0NRT,296.53,2.37,D,VIIRS_SNPP_NRT,,
31.1293,74.65489,341.05,0.39,0.36,2026-08-31,813,N,VIIRS,n,2.0NRT,298.33,4.79,D,VIIRS_SNPP_NRT,,
31.3222,72.33394,341.28,0.43,0.38,2026-08-31,813,N,VIIRS,n,2.0NRT,301.15,8.52,D,VIIRS_SNPP_NRT,,
31.37494,74.45004,346.78,0.39,0.36,2026-08-31,813,N,VIIRS,n,2.0NRT,300.46,6.1,D,VIIRS_SNPP_NRT,,
31.31796,96.45753,,1.26,1.12,2026-08-27,249,Terra,MODIS,20,6.1NRT,,3.85,D,MODIS_NRT,300.5,285.44
32.23024,70.89925,,1.12,1.05,2026-08-27,427,Terra,MODIS,40,6.1NRT,,6.21,D,MODIS_NRT,318.3,302.5
33.6073,77.7849,,2.71,1.58,2026-08-27,427,Terra,MODIS,20,6.1NRT,,11.92,D,MODIS_NRT,304.46,288.78
7.2949,81.22708,,1.06,1.03,2026-08-27,1002,Aqua,MODIS,45,6.1NRT,,3.79,D,MODIS_NRT,308.27,281.69
7.46177,81.47602,,1.04,1.02,2026-08-27,1002,Aqua,MODIS,48,6.1NRT,,7.83,D,MODIS_NRT,316.06,292.66
7.7826,80.72126,,1.1,1.04,2026-08-27,1004,Aqua,MODIS,67,6.1NRT,,12.03,D,MODIS_NRT,316.15,293.06
7.91299,81.40445,,1.04,1.02,2026-08-27,1004,Aqua,MODIS,66,6.1NRT,,5.51,D,MODIS_NRT,318.29,300.93
7.94353,81.29086,,1.04,1.02,2026-08-27,1004,Aqua,MODIS,68,6.1NRT,,7.24,D,MODIS_NRT,319.22,297.7
8.27984,81.00748,,1.06,1.03,2026-08-27,1004,Aqua,MODIS,71,6.1NRT,,9.04,D,MODIS_NRT,318.85,299.66
8.53286,80.78808,,1.07,1.03,2026-08-27,1004,Aqua,MODIS,60,6.1NRT,,5.66,D,MODIS_NRT,316.03,297.36
8.60111,80.3784,,1.12,1.05,2026-08-27,1004,Aqua,MODIS,49,6.1NRT,,6.2,D,MODIS_NRT,315.77,297.09
9.37137,80.64022,,1.07,1.03,2026-08-27,1004,Aqua,MODIS,58,6.1NRT,,6.65,D,MODIS_NRT,318.66,299.87
9.38066,77.55781,,1.64,1.26,2026-08-27,1004,Aqua,MODIS,34,6.1NRT,,12.51,D,MODIS_NRT,319.37,295.85
11.17951,78.23668,,1.37,1.16,2026-08-27,1004,Aqua,MODIS,30,6.1NRT,,10.52,D,MODIS_NRT,318.15,296.1
21.74315,83.8423,,1.52,1.22,2026-08-27,1006,Aqua,MODIS,50,6.1NRT,,18.05,D,MODIS_NRT,314.86,277.11
7.79587,80.72112,,1.05,1.02,2026-08-27,1518,Terra,MODIS,86,6.1NRT,,10.35,N,MODIS_NRT,313.77,293.41
7.79713,80.73048,,1.05,1.02,2026-08-27,1518,Terra,MODIS,68,6.1NRT,,5.47,N,MODIS_NRT,307.77,293.83
18.53371,74.40224,,1.2,1.09,2026-08-27,1522,Terra,MODIS,63,6.1NRT,,7.22,N,MODIS_NRT,305.2,290.52
18.58396,74.44306,,1.19,1.08,2026-08-27,1522,Terra,MODIS,77,6.1NRT,,10.03,N,MODIS_NRT,309.16,291.68
29.92134,74.95511,,4.5,1.95,2026-08-27,2212,Aqua,MODIS,55,6.1NRT,,34.97,N,MODIS_NRT,303.46,292.84
15.33159,79.23282,,1.0,1.0,2026-08-28,332,Terra,MODIS,59,6.1NRT,,6.62,D,MODIS_NRT,316.58,299.11
15.91515,79.33801,,1.0,1.0,2026-08-28,332,Terra,MODIS,62,6.1NRT,,5.79,D,MODIS_NRT,318.43,299.97
16.02722,79.71971,,1.0,1.0,2026-08-28,332,Terra,MODIS,65,6.1NRT,,8.95,D,MODIS_NRT,321.31,299.61
16.065,79.70681,,1.0,1.0,2026-08-28,332,Terra,MODIS,58,6.1NRT,,5.6,D,MODIS_NRT,317.81,300.26
8.70113,77.97204,,1.0,1.0,2026-08-28,334,Terra,MODIS,72,6.1NRT,,6.27,D,MODIS_NRT,319.8,300.36
8.70993,77.97327,,1.0,1.0,2026-08-28,334,Terra,MODIS,84,6.1NRT,,19.0,D,MODIS_NRT,331.28,301.53
8.94464,78.01625,,1.0,1.0,2026-08-28,334,Terra,MODIS,72,6.1NRT,,7.27,D,MODIS_NRT,321.99,304.25
9.3496,77.55766,,1.01,1.0,2026-08-28,334,Terra,MODIS,70,6.1NRT,,6.5,D,MODIS_NRT,321.0,303.45
10.14434,77.74384,,1.01,1.0,2026-08-28,334,Terra,MODIS,79,6.1NRT,,18.76,D,MODIS_NRT,330.28,303.05
11.24578,78.18089,,1.0,1.0,2026-08-28,334,Terra,MODIS,63,6.1NRT,,5.5,D,MODIS_NRT,316.5,295.56
12.10217,76.99417,,1.08,1.04,2026-08-28,334,Terra,MODIS,51,6.1NRT,,5.61,D,MODIS_NRT,309.2,292.99
13.82107,79.2636,,1.0,1.0,2026-08-28,334,Terra,MODIS,59,6.1NRT,,15.31,D,MODIS_NRT,321.69,297.73
22.0128,85.49667,,3.25,1.7,2026-08-28,907,Aqua,MODIS,48,6.1NRT,,22.53,D,MODIS_NRT,309.31,288.83
22.02734,85.49293,,3.25,1.7,2026-08-28,907,Aqua,MODIS,52,6.1NRT,,24.28,D,MODIS_NRT,309.65,288.95
22.36368,91.37724,,1.23,1.1,2026-08-28,907,Aqua,MODIS,53,6.1NRT,,6.69,D,MODIS_NRT,312.11,293.91
28.63371,87.14172,,1.75,1.3,2026-08-28,909,Aqua,MODIS,80,6.1NRT,,20.07,D,MODIS_NRT,320.83,302.73
8.89478,77.84936,,1.76,1.3,2026-08-28,1043,Aqua,MODIS,73,6.1NRT,,18.54,D,MODIS_NRT,323.55,301.87
15.17688,76.67044,,1.31,1.13,2026-08-28,2254,Aqua,MODIS,43,6.1NRT,,4.91,N,MODIS_NRT,301.97,291.29
15.17881,76.65878,,1.3,1.13,2026-08-28,2254,Aqua,MODIS,51,6.1NRT,,5.52,N,MODIS_NRT,302.66,291.39
30.05835,82.70967,,3.3,1.72,2026-08-29,406,Terra,MODIS,23,6.1NRT,,20.26,D,MODIS_NRT,301.9,280.89
29.18473,82.98708,,1.0,1.0,2026-08-29,947,Aqua,MODIS,0,6.1NRT,,2.17,D,MODIS_NRT,300.33,286.47
31.92232,94.06658,,1.72,1.29,2026-08-30,306,Terra,MODIS,28,6.1NRT,,8.25,D,MODIS_NRT,301.51,288.53
31.92558,94.04957,,1.71,1.28,2026-08-30,306,Terra,MODIS,65,6.1NRT,,16.39,D,MODIS_NRT,307.47,288.18
31.92876,94.03291,,1.71,1.28,2026-08-30,306,Terra,MODIS,54,6.1NRT,,12.77,D,MODIS_NRT,305.02,288.39
36.34394,95.12573,,1.6,1.25,2026-08-30,306,Terra,MODIS,76,6.1NRT,,16.33,D,MODIS_NRT,321.52,304.53
22.36086,87.30412,,1.04,1.02,2026-08-30,310,Terra,MODIS,55,6.1NRT,,5.59,D,MODIS_NRT,310.17,286.64
23.6914,87.11943,,1.02,1.01,2026-08-30,310,Terra,MODIS,46,6.1NRT,,4.9,D,MODIS_NRT,309.47,286.72
23.75946,86.40434,,1.0,1.0,2026-08-30,310,Terra,MODIS,0,6.1NRT,,3.64,D,MODIS_NRT,308.56,285.92
34.21593,75.06476,,3.57,1.77,2026-08-30,444,Terra,MODIS,35,6.1NRT,,24.13,D,MODIS_NRT,301.57,283.48
35.13696,69.30598,,1.45,1.19,2026-08-30,444,Terra,MODIS,47,6.1NRT,,13.78,D,MODIS_NRT,318.52,304.74
35.19275,91.31371,,1.57,1.23,2026-08-30,850,Aqua,MODIS,35,6.1NRT,,5.31,D,MODIS_NRT,305.64,288.6
6.71348,81.31391,,1.17,1.07,2026-08-30,1019,Aqua,MODIS,44,6.1NRT,,7.97,D,MODIS_NRT,319.66,302.64
6.92193,81.03695,,1.13,1.06,2026-08-30,1019,Aqua,MODIS,74,6.1NRT,,14.59,D,MODIS_NRT,320.0,298.78
6.92337,81.04726,,1.14,1.06,2026-08-30,1019,Aqua,MODIS,76,6.1NRT,,16.28,D,MODIS_NRT,321.65,299.12
7.19554,81.32851,,1.18,1.08,2026-08-30,1019,Aqua,MODIS,71,6.1NRT,,9.71,D,MODIS_NRT,319.43,305.16
7.40962,81.28954,,1.18,1.08,2026-08-30,1019,Aqua,MODIS,77,6.1NRT,,11.78,D,MODIS_NRT,324.7,305.8
7.94388,80.43007,,1.09,1.04,2026-08-30,1019,Aqua,MODIS,29,6.1NRT,,4.53,D,MODIS_NRT,308.19,290.8
8.23482,81.19035,,1.2,1.09,2026-08-30,1019,Aqua,MODIS,50,6.1NRT,,5.9,D,MODIS_NRT,312.31,298.07
13.80798,79.26424,,1.1,1.05,2026-08-30,1019,Aqua,MODIS,68,6.1NRT,,10.84,D,MODIS_NRT,318.04,295.32
13.81712,79.26302,,1.1,1.05,2026-08-30,1019,Aqua,MODIS,41,6.1NRT,,9.17,D,MODIS_NRT,316.18,296.71
13.83607,79.33176,,1.11,1.05,2026-08-30,1019,Aqua,MODIS,63,6.1NRT,,7.56,D,MODIS_NRT,316.14,296.68
14.89212,79.23489,,1.12,1.06,2026-08-30,1019,Aqua,MODIS,75,6.1NRT,,16.0,D,MODIS_NRT,324.37,295.41
21.09762,72.64725,,1.24,1.11,2026-08-30,1021,Aqua,MODIS,0,6.1NRT,,8.45,D,MODIS_NRT,315.13,297.76
21.10721,72.64541,,1.24,1.11,2026-08-30,1021,Aqua,MODIS,50,6.1NRT,,8.91,D,MODIS_NRT,315.5,298.32
30.44973,73.827,,1.01,1.0,2026-08-30,1024,Aqua,MODIS,85,6.1NRT,,25.73,D,MODIS_NRT,334.71,301.56
6.42924,80.8897,,2.1,1.41,2026-08-30,1537,Terra,MODIS,74,6.1NRT,,19.43,N,MODIS_NRT,308.66,292.28
18.66535,74.04346,,1.08,1.04,2026-08-30,1541,Terra,MODIS,74,6.1NRT,,8.34,N,MODIS_NRT,308.12,292.22
10.44773,77.48201,,1.01,1.0,2026-08-30,2231,Aqua,MODIS,57,6.1NRT,,5.53,N,MODIS_NRT,303.87,290.91
30.87475,82.85634,,1.47,1.2,2026-08-31,347,Terra,MODIS,39,6.1NRT,,7.01,D,MODIS_NRT,303.18,286.21
34.8061,84.74211,,1.6,1.25,2026-08-31,347,Terra,MODIS,25,6.1NRT,,5.89,D,MODIS_NRT,300.08,282.86
9.26145,78.27647,,1.74,1.29,2026-08-31,353,Terra,MODIS,79,6.1NRT,,16.75,D,MODIS_NRT,325.0,306.86
27.71159,68.48559,,1.36,1.16,2026-08-31,1102,Aqua,MODIS,43,6.1NRT,,17.73,D,MODIS_NRT,325.09,307.94
